ISO-10303-21;
HEADER;
/* Generated by software containing ST-Developer
 * from STEP Tools, Inc. (www.steptools.com) 
 */
/* OPTION: using custom renumber hook */

FILE_DESCRIPTION(
/* description */ ('STEP AP242 Edition 2',
'CAx-IF Rec.Pracs.---Representation and Presentation of Product Manufa
cturing Information (PMI)---4.0---2014-10-13',
'CAx-IF Rec.Pracs.---3D Tessellated Geometry---0.4---2014-09-14','2;1',
'CAx-IF Rec.Pracs.---User Defined Attributes---1.5---2016-08-15'),
/* implementation_level */ '2;1');

FILE_NAME(
/* name */ 'Part Studio 4 - Part 4',
/* time_stamp */ '2026-08-24T15:48:50Z',
/* author */ (''),
/* organization */ (''),
/* preprocessor_version */ 'ST-DEVELOPER v20',
/* originating_system */ 'ONSHAPE BY PTC INC, 1.219',
/* authorisation */ '  ');

FILE_SCHEMA (('AP242_MANAGED_MODEL_BASED_3D_ENGINEERING_MIM_LF { 1 0 10303 442 3 1 4 }'));
ENDSEC;

DATA;
#10=SHAPE_REPRESENTATION_RELATIONSHIP('','',#3203,#11);
#11=ADVANCED_BREP_SHAPE_REPRESENTATION('',(#3201),#4989);
#12=CIRCLE('',#3208,0.0016);
#13=CIRCLE('',#3209,0.0016);
#14=CIRCLE('',#3211,0.0016);
#15=CIRCLE('',#3212,0.0016);
#16=CIRCLE('',#3214,0.0016);
#17=CIRCLE('',#3215,0.0016);
#18=CIRCLE('',#3217,0.00325);
#19=CIRCLE('',#3218,0.00325);
#20=CIRCLE('',#3252,0.005);
#21=CIRCLE('',#3253,0.005);
#22=CIRCLE('',#3256,0.005);
#23=CIRCLE('',#3257,0.005);
#24=CYLINDRICAL_SURFACE('',#3207,0.0016);
#25=CYLINDRICAL_SURFACE('',#3210,0.0016);
#26=CYLINDRICAL_SURFACE('',#3213,0.0016);
#27=CYLINDRICAL_SURFACE('',#3216,0.00325);
#28=CYLINDRICAL_SURFACE('',#3251,0.005);
#29=CYLINDRICAL_SURFACE('',#3255,0.005);
#30=ORIENTED_EDGE('',*,*,#902,.F.);
#31=ORIENTED_EDGE('',*,*,#903,.T.);
#32=ORIENTED_EDGE('',*,*,#904,.T.);
#33=ORIENTED_EDGE('',*,*,#905,.F.);
#34=ORIENTED_EDGE('',*,*,#906,.F.);
#35=ORIENTED_EDGE('',*,*,#907,.T.);
#36=ORIENTED_EDGE('',*,*,#908,.T.);
#37=ORIENTED_EDGE('',*,*,#909,.F.);
#38=ORIENTED_EDGE('',*,*,#910,.T.);
#39=ORIENTED_EDGE('',*,*,#911,.F.);
#40=ORIENTED_EDGE('',*,*,#912,.F.);
#41=ORIENTED_EDGE('',*,*,#913,.F.);
#42=ORIENTED_EDGE('',*,*,#914,.T.);
#43=ORIENTED_EDGE('',*,*,#915,.T.);
#44=ORIENTED_EDGE('',*,*,#916,.F.);
#45=ORIENTED_EDGE('',*,*,#915,.F.);
#46=ORIENTED_EDGE('',*,*,#917,.T.);
#47=ORIENTED_EDGE('',*,*,#913,.T.);
#48=ORIENTED_EDGE('',*,*,#918,.T.);
#49=ORIENTED_EDGE('',*,*,#919,.F.);
#50=ORIENTED_EDGE('',*,*,#920,.T.);
#51=ORIENTED_EDGE('',*,*,#921,.F.);
#52=ORIENTED_EDGE('',*,*,#922,.F.);
#53=ORIENTED_EDGE('',*,*,#923,.T.);
#54=ORIENTED_EDGE('',*,*,#924,.T.);
#55=ORIENTED_EDGE('',*,*,#925,.F.);
#56=ORIENTED_EDGE('',*,*,#926,.F.);
#57=ORIENTED_EDGE('',*,*,#921,.T.);
#58=ORIENTED_EDGE('',*,*,#927,.F.);
#59=ORIENTED_EDGE('',*,*,#928,.F.);
#60=ORIENTED_EDGE('',*,*,#929,.T.);
#61=ORIENTED_EDGE('',*,*,#925,.T.);
#62=ORIENTED_EDGE('',*,*,#930,.F.);
#63=ORIENTED_EDGE('',*,*,#923,.F.);
#64=ORIENTED_EDGE('',*,*,#931,.T.);
#65=ORIENTED_EDGE('',*,*,#928,.T.);
#66=ORIENTED_EDGE('',*,*,#932,.T.);
#67=ORIENTED_EDGE('',*,*,#933,.F.);
#68=ORIENTED_EDGE('',*,*,#934,.F.);
#69=ORIENTED_EDGE('',*,*,#935,.T.);
#70=ORIENTED_EDGE('',*,*,#936,.T.);
#71=ORIENTED_EDGE('',*,*,#937,.F.);
#72=ORIENTED_EDGE('',*,*,#938,.F.);
#73=ORIENTED_EDGE('',*,*,#933,.T.);
#74=ORIENTED_EDGE('',*,*,#939,.F.);
#75=ORIENTED_EDGE('',*,*,#940,.F.);
#76=ORIENTED_EDGE('',*,*,#941,.T.);
#77=ORIENTED_EDGE('',*,*,#937,.T.);
#78=ORIENTED_EDGE('',*,*,#942,.F.);
#79=ORIENTED_EDGE('',*,*,#935,.F.);
#80=ORIENTED_EDGE('',*,*,#943,.T.);
#81=ORIENTED_EDGE('',*,*,#940,.T.);
#82=ORIENTED_EDGE('',*,*,#944,.T.);
#83=ORIENTED_EDGE('',*,*,#945,.F.);
#84=ORIENTED_EDGE('',*,*,#946,.F.);
#85=ORIENTED_EDGE('',*,*,#947,.T.);
#86=ORIENTED_EDGE('',*,*,#948,.T.);
#87=ORIENTED_EDGE('',*,*,#949,.F.);
#88=ORIENTED_EDGE('',*,*,#950,.F.);
#89=ORIENTED_EDGE('',*,*,#945,.T.);
#90=ORIENTED_EDGE('',*,*,#951,.F.);
#91=ORIENTED_EDGE('',*,*,#952,.F.);
#92=ORIENTED_EDGE('',*,*,#953,.T.);
#93=ORIENTED_EDGE('',*,*,#949,.T.);
#94=ORIENTED_EDGE('',*,*,#954,.F.);
#95=ORIENTED_EDGE('',*,*,#947,.F.);
#96=ORIENTED_EDGE('',*,*,#955,.T.);
#97=ORIENTED_EDGE('',*,*,#952,.T.);
#98=ORIENTED_EDGE('',*,*,#956,.T.);
#99=ORIENTED_EDGE('',*,*,#957,.F.);
#100=ORIENTED_EDGE('',*,*,#958,.F.);
#101=ORIENTED_EDGE('',*,*,#959,.T.);
#102=ORIENTED_EDGE('',*,*,#960,.T.);
#103=ORIENTED_EDGE('',*,*,#961,.F.);
#104=ORIENTED_EDGE('',*,*,#962,.F.);
#105=ORIENTED_EDGE('',*,*,#957,.T.);
#106=ORIENTED_EDGE('',*,*,#963,.F.);
#107=ORIENTED_EDGE('',*,*,#964,.F.);
#108=ORIENTED_EDGE('',*,*,#965,.T.);
#109=ORIENTED_EDGE('',*,*,#961,.T.);
#110=ORIENTED_EDGE('',*,*,#966,.F.);
#111=ORIENTED_EDGE('',*,*,#959,.F.);
#112=ORIENTED_EDGE('',*,*,#967,.T.);
#113=ORIENTED_EDGE('',*,*,#964,.T.);
#114=ORIENTED_EDGE('',*,*,#968,.T.);
#115=ORIENTED_EDGE('',*,*,#969,.F.);
#116=ORIENTED_EDGE('',*,*,#970,.F.);
#117=ORIENTED_EDGE('',*,*,#971,.T.);
#118=ORIENTED_EDGE('',*,*,#972,.T.);
#119=ORIENTED_EDGE('',*,*,#973,.F.);
#120=ORIENTED_EDGE('',*,*,#974,.F.);
#121=ORIENTED_EDGE('',*,*,#969,.T.);
#122=ORIENTED_EDGE('',*,*,#975,.F.);
#123=ORIENTED_EDGE('',*,*,#976,.F.);
#124=ORIENTED_EDGE('',*,*,#977,.T.);
#125=ORIENTED_EDGE('',*,*,#973,.T.);
#126=ORIENTED_EDGE('',*,*,#978,.F.);
#127=ORIENTED_EDGE('',*,*,#971,.F.);
#128=ORIENTED_EDGE('',*,*,#979,.T.);
#129=ORIENTED_EDGE('',*,*,#976,.T.);
#130=ORIENTED_EDGE('',*,*,#980,.T.);
#131=ORIENTED_EDGE('',*,*,#981,.F.);
#132=ORIENTED_EDGE('',*,*,#982,.F.);
#133=ORIENTED_EDGE('',*,*,#983,.T.);
#134=ORIENTED_EDGE('',*,*,#984,.T.);
#135=ORIENTED_EDGE('',*,*,#985,.F.);
#136=ORIENTED_EDGE('',*,*,#986,.F.);
#137=ORIENTED_EDGE('',*,*,#981,.T.);
#138=ORIENTED_EDGE('',*,*,#987,.F.);
#139=ORIENTED_EDGE('',*,*,#988,.F.);
#140=ORIENTED_EDGE('',*,*,#989,.T.);
#141=ORIENTED_EDGE('',*,*,#985,.T.);
#142=ORIENTED_EDGE('',*,*,#990,.F.);
#143=ORIENTED_EDGE('',*,*,#983,.F.);
#144=ORIENTED_EDGE('',*,*,#991,.T.);
#145=ORIENTED_EDGE('',*,*,#988,.T.);
#146=ORIENTED_EDGE('',*,*,#992,.T.);
#147=ORIENTED_EDGE('',*,*,#993,.F.);
#148=ORIENTED_EDGE('',*,*,#994,.F.);
#149=ORIENTED_EDGE('',*,*,#995,.T.);
#150=ORIENTED_EDGE('',*,*,#996,.T.);
#151=ORIENTED_EDGE('',*,*,#997,.F.);
#152=ORIENTED_EDGE('',*,*,#998,.F.);
#153=ORIENTED_EDGE('',*,*,#993,.T.);
#154=ORIENTED_EDGE('',*,*,#999,.F.);
#155=ORIENTED_EDGE('',*,*,#1000,.F.);
#156=ORIENTED_EDGE('',*,*,#1001,.T.);
#157=ORIENTED_EDGE('',*,*,#997,.T.);
#158=ORIENTED_EDGE('',*,*,#1002,.F.);
#159=ORIENTED_EDGE('',*,*,#995,.F.);
#160=ORIENTED_EDGE('',*,*,#1003,.T.);
#161=ORIENTED_EDGE('',*,*,#1000,.T.);
#162=ORIENTED_EDGE('',*,*,#1004,.T.);
#163=ORIENTED_EDGE('',*,*,#1005,.F.);
#164=ORIENTED_EDGE('',*,*,#1006,.F.);
#165=ORIENTED_EDGE('',*,*,#1007,.T.);
#166=ORIENTED_EDGE('',*,*,#1008,.T.);
#167=ORIENTED_EDGE('',*,*,#1009,.F.);
#168=ORIENTED_EDGE('',*,*,#1010,.F.);
#169=ORIENTED_EDGE('',*,*,#1005,.T.);
#170=ORIENTED_EDGE('',*,*,#1011,.F.);
#171=ORIENTED_EDGE('',*,*,#1012,.F.);
#172=ORIENTED_EDGE('',*,*,#1013,.T.);
#173=ORIENTED_EDGE('',*,*,#1009,.T.);
#174=ORIENTED_EDGE('',*,*,#1014,.F.);
#175=ORIENTED_EDGE('',*,*,#1007,.F.);
#176=ORIENTED_EDGE('',*,*,#1015,.T.);
#177=ORIENTED_EDGE('',*,*,#1012,.T.);
#178=ORIENTED_EDGE('',*,*,#1016,.T.);
#179=ORIENTED_EDGE('',*,*,#1017,.F.);
#180=ORIENTED_EDGE('',*,*,#1018,.F.);
#181=ORIENTED_EDGE('',*,*,#1019,.T.);
#182=ORIENTED_EDGE('',*,*,#1020,.F.);
#183=ORIENTED_EDGE('',*,*,#1021,.F.);
#184=ORIENTED_EDGE('',*,*,#1022,.T.);
#185=ORIENTED_EDGE('',*,*,#1017,.T.);
#186=ORIENTED_EDGE('',*,*,#1023,.T.);
#187=ORIENTED_EDGE('',*,*,#1024,.F.);
#188=ORIENTED_EDGE('',*,*,#1025,.F.);
#189=ORIENTED_EDGE('',*,*,#1021,.T.);
#190=ORIENTED_EDGE('',*,*,#1026,.F.);
#191=ORIENTED_EDGE('',*,*,#1027,.T.);
#192=ORIENTED_EDGE('',*,*,#1028,.T.);
#193=ORIENTED_EDGE('',*,*,#1024,.T.);
#194=ORIENTED_EDGE('',*,*,#1029,.T.);
#195=ORIENTED_EDGE('',*,*,#1030,.F.);
#196=ORIENTED_EDGE('',*,*,#1031,.F.);
#197=ORIENTED_EDGE('',*,*,#1027,.F.);
#198=ORIENTED_EDGE('',*,*,#1032,.F.);
#199=ORIENTED_EDGE('',*,*,#1033,.F.);
#200=ORIENTED_EDGE('',*,*,#1034,.T.);
#201=ORIENTED_EDGE('',*,*,#1030,.T.);
#202=ORIENTED_EDGE('',*,*,#1035,.F.);
#203=ORIENTED_EDGE('',*,*,#1036,.T.);
#204=ORIENTED_EDGE('',*,*,#1037,.T.);
#205=ORIENTED_EDGE('',*,*,#1033,.T.);
#206=ORIENTED_EDGE('',*,*,#1038,.T.);
#207=ORIENTED_EDGE('',*,*,#1039,.F.);
#208=ORIENTED_EDGE('',*,*,#1040,.F.);
#209=ORIENTED_EDGE('',*,*,#1041,.T.);
#210=ORIENTED_EDGE('',*,*,#1042,.T.);
#211=ORIENTED_EDGE('',*,*,#1043,.F.);
#212=ORIENTED_EDGE('',*,*,#1044,.F.);
#213=ORIENTED_EDGE('',*,*,#1045,.T.);
#214=ORIENTED_EDGE('',*,*,#1046,.T.);
#215=ORIENTED_EDGE('',*,*,#1047,.F.);
#216=ORIENTED_EDGE('',*,*,#1048,.F.);
#217=ORIENTED_EDGE('',*,*,#1049,.T.);
#218=ORIENTED_EDGE('',*,*,#1050,.T.);
#219=ORIENTED_EDGE('',*,*,#1051,.F.);
#220=ORIENTED_EDGE('',*,*,#1052,.F.);
#221=ORIENTED_EDGE('',*,*,#1053,.T.);
#222=ORIENTED_EDGE('',*,*,#1054,.T.);
#223=ORIENTED_EDGE('',*,*,#1055,.F.);
#224=ORIENTED_EDGE('',*,*,#1056,.F.);
#225=ORIENTED_EDGE('',*,*,#1051,.T.);
#226=ORIENTED_EDGE('',*,*,#1057,.F.);
#227=ORIENTED_EDGE('',*,*,#1058,.F.);
#228=ORIENTED_EDGE('',*,*,#1059,.T.);
#229=ORIENTED_EDGE('',*,*,#1055,.T.);
#230=ORIENTED_EDGE('',*,*,#1060,.F.);
#231=ORIENTED_EDGE('',*,*,#1053,.F.);
#232=ORIENTED_EDGE('',*,*,#1061,.T.);
#233=ORIENTED_EDGE('',*,*,#1058,.T.);
#234=ORIENTED_EDGE('',*,*,#1062,.T.);
#235=ORIENTED_EDGE('',*,*,#1063,.F.);
#236=ORIENTED_EDGE('',*,*,#1064,.F.);
#237=ORIENTED_EDGE('',*,*,#1065,.T.);
#238=ORIENTED_EDGE('',*,*,#1066,.T.);
#239=ORIENTED_EDGE('',*,*,#1067,.F.);
#240=ORIENTED_EDGE('',*,*,#1068,.F.);
#241=ORIENTED_EDGE('',*,*,#1063,.T.);
#242=ORIENTED_EDGE('',*,*,#1069,.F.);
#243=ORIENTED_EDGE('',*,*,#1070,.F.);
#244=ORIENTED_EDGE('',*,*,#1071,.T.);
#245=ORIENTED_EDGE('',*,*,#1067,.T.);
#246=ORIENTED_EDGE('',*,*,#1072,.F.);
#247=ORIENTED_EDGE('',*,*,#1065,.F.);
#248=ORIENTED_EDGE('',*,*,#1073,.T.);
#249=ORIENTED_EDGE('',*,*,#1070,.T.);
#250=ORIENTED_EDGE('',*,*,#1074,.T.);
#251=ORIENTED_EDGE('',*,*,#1075,.F.);
#252=ORIENTED_EDGE('',*,*,#1076,.F.);
#253=ORIENTED_EDGE('',*,*,#1077,.T.);
#254=ORIENTED_EDGE('',*,*,#1078,.T.);
#255=ORIENTED_EDGE('',*,*,#1079,.F.);
#256=ORIENTED_EDGE('',*,*,#1080,.F.);
#257=ORIENTED_EDGE('',*,*,#1075,.T.);
#258=ORIENTED_EDGE('',*,*,#1081,.F.);
#259=ORIENTED_EDGE('',*,*,#1082,.F.);
#260=ORIENTED_EDGE('',*,*,#1083,.T.);
#261=ORIENTED_EDGE('',*,*,#1079,.T.);
#262=ORIENTED_EDGE('',*,*,#1084,.F.);
#263=ORIENTED_EDGE('',*,*,#1077,.F.);
#264=ORIENTED_EDGE('',*,*,#1085,.T.);
#265=ORIENTED_EDGE('',*,*,#1082,.T.);
#266=ORIENTED_EDGE('',*,*,#1086,.T.);
#267=ORIENTED_EDGE('',*,*,#1087,.F.);
#268=ORIENTED_EDGE('',*,*,#1088,.F.);
#269=ORIENTED_EDGE('',*,*,#1089,.T.);
#270=ORIENTED_EDGE('',*,*,#1090,.T.);
#271=ORIENTED_EDGE('',*,*,#1091,.F.);
#272=ORIENTED_EDGE('',*,*,#1092,.F.);
#273=ORIENTED_EDGE('',*,*,#1087,.T.);
#274=ORIENTED_EDGE('',*,*,#1093,.F.);
#275=ORIENTED_EDGE('',*,*,#1094,.F.);
#276=ORIENTED_EDGE('',*,*,#1095,.T.);
#277=ORIENTED_EDGE('',*,*,#1091,.T.);
#278=ORIENTED_EDGE('',*,*,#1096,.F.);
#279=ORIENTED_EDGE('',*,*,#1089,.F.);
#280=ORIENTED_EDGE('',*,*,#1097,.T.);
#281=ORIENTED_EDGE('',*,*,#1094,.T.);
#282=ORIENTED_EDGE('',*,*,#1098,.T.);
#283=ORIENTED_EDGE('',*,*,#1099,.F.);
#284=ORIENTED_EDGE('',*,*,#1100,.F.);
#285=ORIENTED_EDGE('',*,*,#1101,.T.);
#286=ORIENTED_EDGE('',*,*,#1102,.T.);
#287=ORIENTED_EDGE('',*,*,#1103,.F.);
#288=ORIENTED_EDGE('',*,*,#1104,.F.);
#289=ORIENTED_EDGE('',*,*,#1099,.T.);
#290=ORIENTED_EDGE('',*,*,#1105,.F.);
#291=ORIENTED_EDGE('',*,*,#1106,.F.);
#292=ORIENTED_EDGE('',*,*,#1107,.T.);
#293=ORIENTED_EDGE('',*,*,#1103,.T.);
#294=ORIENTED_EDGE('',*,*,#1108,.F.);
#295=ORIENTED_EDGE('',*,*,#1101,.F.);
#296=ORIENTED_EDGE('',*,*,#1109,.T.);
#297=ORIENTED_EDGE('',*,*,#1106,.T.);
#298=ORIENTED_EDGE('',*,*,#1110,.T.);
#299=ORIENTED_EDGE('',*,*,#1111,.F.);
#300=ORIENTED_EDGE('',*,*,#1112,.F.);
#301=ORIENTED_EDGE('',*,*,#1113,.T.);
#302=ORIENTED_EDGE('',*,*,#1114,.T.);
#303=ORIENTED_EDGE('',*,*,#1115,.F.);
#304=ORIENTED_EDGE('',*,*,#1116,.F.);
#305=ORIENTED_EDGE('',*,*,#1111,.T.);
#306=ORIENTED_EDGE('',*,*,#1117,.F.);
#307=ORIENTED_EDGE('',*,*,#1118,.F.);
#308=ORIENTED_EDGE('',*,*,#1119,.T.);
#309=ORIENTED_EDGE('',*,*,#1115,.T.);
#310=ORIENTED_EDGE('',*,*,#1120,.F.);
#311=ORIENTED_EDGE('',*,*,#1113,.F.);
#312=ORIENTED_EDGE('',*,*,#1121,.T.);
#313=ORIENTED_EDGE('',*,*,#1118,.T.);
#314=ORIENTED_EDGE('',*,*,#1122,.T.);
#315=ORIENTED_EDGE('',*,*,#1123,.F.);
#316=ORIENTED_EDGE('',*,*,#1124,.F.);
#317=ORIENTED_EDGE('',*,*,#1125,.T.);
#318=ORIENTED_EDGE('',*,*,#1126,.T.);
#319=ORIENTED_EDGE('',*,*,#1127,.F.);
#320=ORIENTED_EDGE('',*,*,#1128,.F.);
#321=ORIENTED_EDGE('',*,*,#1123,.T.);
#322=ORIENTED_EDGE('',*,*,#1129,.F.);
#323=ORIENTED_EDGE('',*,*,#1130,.F.);
#324=ORIENTED_EDGE('',*,*,#1131,.T.);
#325=ORIENTED_EDGE('',*,*,#1127,.T.);
#326=ORIENTED_EDGE('',*,*,#1132,.F.);
#327=ORIENTED_EDGE('',*,*,#1125,.F.);
#328=ORIENTED_EDGE('',*,*,#1133,.T.);
#329=ORIENTED_EDGE('',*,*,#1130,.T.);
#330=ORIENTED_EDGE('',*,*,#1134,.T.);
#331=ORIENTED_EDGE('',*,*,#1135,.F.);
#332=ORIENTED_EDGE('',*,*,#1136,.F.);
#333=ORIENTED_EDGE('',*,*,#1137,.T.);
#334=ORIENTED_EDGE('',*,*,#1138,.T.);
#335=ORIENTED_EDGE('',*,*,#1139,.F.);
#336=ORIENTED_EDGE('',*,*,#1140,.F.);
#337=ORIENTED_EDGE('',*,*,#1135,.T.);
#338=ORIENTED_EDGE('',*,*,#1141,.F.);
#339=ORIENTED_EDGE('',*,*,#1142,.F.);
#340=ORIENTED_EDGE('',*,*,#1143,.T.);
#341=ORIENTED_EDGE('',*,*,#1139,.T.);
#342=ORIENTED_EDGE('',*,*,#1144,.F.);
#343=ORIENTED_EDGE('',*,*,#1137,.F.);
#344=ORIENTED_EDGE('',*,*,#1145,.T.);
#345=ORIENTED_EDGE('',*,*,#1142,.T.);
#346=ORIENTED_EDGE('',*,*,#1146,.T.);
#347=ORIENTED_EDGE('',*,*,#1147,.F.);
#348=ORIENTED_EDGE('',*,*,#1148,.F.);
#349=ORIENTED_EDGE('',*,*,#1149,.T.);
#350=ORIENTED_EDGE('',*,*,#1150,.T.);
#351=ORIENTED_EDGE('',*,*,#1151,.F.);
#352=ORIENTED_EDGE('',*,*,#1152,.F.);
#353=ORIENTED_EDGE('',*,*,#1147,.T.);
#354=ORIENTED_EDGE('',*,*,#1153,.F.);
#355=ORIENTED_EDGE('',*,*,#1154,.F.);
#356=ORIENTED_EDGE('',*,*,#1155,.T.);
#357=ORIENTED_EDGE('',*,*,#1151,.T.);
#358=ORIENTED_EDGE('',*,*,#1156,.F.);
#359=ORIENTED_EDGE('',*,*,#1149,.F.);
#360=ORIENTED_EDGE('',*,*,#1157,.T.);
#361=ORIENTED_EDGE('',*,*,#1154,.T.);
#362=ORIENTED_EDGE('',*,*,#1158,.T.);
#363=ORIENTED_EDGE('',*,*,#1159,.F.);
#364=ORIENTED_EDGE('',*,*,#1160,.F.);
#365=ORIENTED_EDGE('',*,*,#1161,.T.);
#366=ORIENTED_EDGE('',*,*,#1162,.T.);
#367=ORIENTED_EDGE('',*,*,#1163,.F.);
#368=ORIENTED_EDGE('',*,*,#1164,.F.);
#369=ORIENTED_EDGE('',*,*,#1159,.T.);
#370=ORIENTED_EDGE('',*,*,#1165,.F.);
#371=ORIENTED_EDGE('',*,*,#1166,.F.);
#372=ORIENTED_EDGE('',*,*,#1167,.T.);
#373=ORIENTED_EDGE('',*,*,#1163,.T.);
#374=ORIENTED_EDGE('',*,*,#1168,.F.);
#375=ORIENTED_EDGE('',*,*,#1161,.F.);
#376=ORIENTED_EDGE('',*,*,#1169,.T.);
#377=ORIENTED_EDGE('',*,*,#1166,.T.);
#378=ORIENTED_EDGE('',*,*,#1170,.T.);
#379=ORIENTED_EDGE('',*,*,#1171,.F.);
#380=ORIENTED_EDGE('',*,*,#1172,.F.);
#381=ORIENTED_EDGE('',*,*,#1173,.T.);
#382=ORIENTED_EDGE('',*,*,#1174,.T.);
#383=ORIENTED_EDGE('',*,*,#1175,.F.);
#384=ORIENTED_EDGE('',*,*,#1176,.F.);
#385=ORIENTED_EDGE('',*,*,#1171,.T.);
#386=ORIENTED_EDGE('',*,*,#1177,.F.);
#387=ORIENTED_EDGE('',*,*,#1178,.F.);
#388=ORIENTED_EDGE('',*,*,#1179,.T.);
#389=ORIENTED_EDGE('',*,*,#1175,.T.);
#390=ORIENTED_EDGE('',*,*,#1180,.F.);
#391=ORIENTED_EDGE('',*,*,#1173,.F.);
#392=ORIENTED_EDGE('',*,*,#1181,.T.);
#393=ORIENTED_EDGE('',*,*,#1178,.T.);
#394=ORIENTED_EDGE('',*,*,#1182,.T.);
#395=ORIENTED_EDGE('',*,*,#1183,.F.);
#396=ORIENTED_EDGE('',*,*,#1184,.F.);
#397=ORIENTED_EDGE('',*,*,#1185,.T.);
#398=ORIENTED_EDGE('',*,*,#1186,.T.);
#399=ORIENTED_EDGE('',*,*,#1187,.F.);
#400=ORIENTED_EDGE('',*,*,#1188,.F.);
#401=ORIENTED_EDGE('',*,*,#1183,.T.);
#402=ORIENTED_EDGE('',*,*,#1189,.F.);
#403=ORIENTED_EDGE('',*,*,#1190,.F.);
#404=ORIENTED_EDGE('',*,*,#1191,.T.);
#405=ORIENTED_EDGE('',*,*,#1187,.T.);
#406=ORIENTED_EDGE('',*,*,#1192,.F.);
#407=ORIENTED_EDGE('',*,*,#1185,.F.);
#408=ORIENTED_EDGE('',*,*,#1193,.T.);
#409=ORIENTED_EDGE('',*,*,#1190,.T.);
#410=ORIENTED_EDGE('',*,*,#1194,.T.);
#411=ORIENTED_EDGE('',*,*,#1195,.F.);
#412=ORIENTED_EDGE('',*,*,#1196,.F.);
#413=ORIENTED_EDGE('',*,*,#1197,.T.);
#414=ORIENTED_EDGE('',*,*,#1198,.T.);
#415=ORIENTED_EDGE('',*,*,#1199,.F.);
#416=ORIENTED_EDGE('',*,*,#1200,.F.);
#417=ORIENTED_EDGE('',*,*,#1195,.T.);
#418=ORIENTED_EDGE('',*,*,#1201,.F.);
#419=ORIENTED_EDGE('',*,*,#1202,.F.);
#420=ORIENTED_EDGE('',*,*,#1203,.T.);
#421=ORIENTED_EDGE('',*,*,#1199,.T.);
#422=ORIENTED_EDGE('',*,*,#1204,.F.);
#423=ORIENTED_EDGE('',*,*,#1197,.F.);
#424=ORIENTED_EDGE('',*,*,#1205,.T.);
#425=ORIENTED_EDGE('',*,*,#1202,.T.);
#426=ORIENTED_EDGE('',*,*,#1206,.T.);
#427=ORIENTED_EDGE('',*,*,#1207,.F.);
#428=ORIENTED_EDGE('',*,*,#1208,.F.);
#429=ORIENTED_EDGE('',*,*,#1209,.T.);
#430=ORIENTED_EDGE('',*,*,#1210,.T.);
#431=ORIENTED_EDGE('',*,*,#1211,.F.);
#432=ORIENTED_EDGE('',*,*,#1212,.F.);
#433=ORIENTED_EDGE('',*,*,#1207,.T.);
#434=ORIENTED_EDGE('',*,*,#1213,.F.);
#435=ORIENTED_EDGE('',*,*,#1214,.F.);
#436=ORIENTED_EDGE('',*,*,#1215,.T.);
#437=ORIENTED_EDGE('',*,*,#1211,.T.);
#438=ORIENTED_EDGE('',*,*,#1216,.F.);
#439=ORIENTED_EDGE('',*,*,#1209,.F.);
#440=ORIENTED_EDGE('',*,*,#1217,.T.);
#441=ORIENTED_EDGE('',*,*,#1214,.T.);
#442=ORIENTED_EDGE('',*,*,#1218,.T.);
#443=ORIENTED_EDGE('',*,*,#1219,.F.);
#444=ORIENTED_EDGE('',*,*,#1220,.F.);
#445=ORIENTED_EDGE('',*,*,#1221,.T.);
#446=ORIENTED_EDGE('',*,*,#1222,.T.);
#447=ORIENTED_EDGE('',*,*,#1223,.F.);
#448=ORIENTED_EDGE('',*,*,#1224,.F.);
#449=ORIENTED_EDGE('',*,*,#1219,.T.);
#450=ORIENTED_EDGE('',*,*,#1225,.F.);
#451=ORIENTED_EDGE('',*,*,#1226,.F.);
#452=ORIENTED_EDGE('',*,*,#1227,.T.);
#453=ORIENTED_EDGE('',*,*,#1223,.T.);
#454=ORIENTED_EDGE('',*,*,#1228,.F.);
#455=ORIENTED_EDGE('',*,*,#1221,.F.);
#456=ORIENTED_EDGE('',*,*,#1229,.T.);
#457=ORIENTED_EDGE('',*,*,#1226,.T.);
#458=ORIENTED_EDGE('',*,*,#1230,.T.);
#459=ORIENTED_EDGE('',*,*,#1231,.F.);
#460=ORIENTED_EDGE('',*,*,#1232,.F.);
#461=ORIENTED_EDGE('',*,*,#1233,.T.);
#462=ORIENTED_EDGE('',*,*,#1234,.T.);
#463=ORIENTED_EDGE('',*,*,#1235,.F.);
#464=ORIENTED_EDGE('',*,*,#1236,.F.);
#465=ORIENTED_EDGE('',*,*,#1231,.T.);
#466=ORIENTED_EDGE('',*,*,#1237,.F.);
#467=ORIENTED_EDGE('',*,*,#1238,.F.);
#468=ORIENTED_EDGE('',*,*,#1239,.T.);
#469=ORIENTED_EDGE('',*,*,#1235,.T.);
#470=ORIENTED_EDGE('',*,*,#1240,.F.);
#471=ORIENTED_EDGE('',*,*,#1233,.F.);
#472=ORIENTED_EDGE('',*,*,#1241,.T.);
#473=ORIENTED_EDGE('',*,*,#1238,.T.);
#474=ORIENTED_EDGE('',*,*,#1242,.T.);
#475=ORIENTED_EDGE('',*,*,#1243,.F.);
#476=ORIENTED_EDGE('',*,*,#1244,.F.);
#477=ORIENTED_EDGE('',*,*,#1245,.T.);
#478=ORIENTED_EDGE('',*,*,#1246,.T.);
#479=ORIENTED_EDGE('',*,*,#1247,.F.);
#480=ORIENTED_EDGE('',*,*,#1248,.F.);
#481=ORIENTED_EDGE('',*,*,#1243,.T.);
#482=ORIENTED_EDGE('',*,*,#1249,.F.);
#483=ORIENTED_EDGE('',*,*,#1250,.F.);
#484=ORIENTED_EDGE('',*,*,#1251,.T.);
#485=ORIENTED_EDGE('',*,*,#1247,.T.);
#486=ORIENTED_EDGE('',*,*,#1252,.F.);
#487=ORIENTED_EDGE('',*,*,#1245,.F.);
#488=ORIENTED_EDGE('',*,*,#1253,.T.);
#489=ORIENTED_EDGE('',*,*,#1250,.T.);
#490=ORIENTED_EDGE('',*,*,#1254,.T.);
#491=ORIENTED_EDGE('',*,*,#1255,.F.);
#492=ORIENTED_EDGE('',*,*,#1256,.F.);
#493=ORIENTED_EDGE('',*,*,#1257,.T.);
#494=ORIENTED_EDGE('',*,*,#1258,.T.);
#495=ORIENTED_EDGE('',*,*,#1259,.F.);
#496=ORIENTED_EDGE('',*,*,#1260,.F.);
#497=ORIENTED_EDGE('',*,*,#1255,.T.);
#498=ORIENTED_EDGE('',*,*,#1261,.F.);
#499=ORIENTED_EDGE('',*,*,#1262,.F.);
#500=ORIENTED_EDGE('',*,*,#1263,.T.);
#501=ORIENTED_EDGE('',*,*,#1259,.T.);
#502=ORIENTED_EDGE('',*,*,#1264,.F.);
#503=ORIENTED_EDGE('',*,*,#1257,.F.);
#504=ORIENTED_EDGE('',*,*,#1265,.T.);
#505=ORIENTED_EDGE('',*,*,#1262,.T.);
#506=ORIENTED_EDGE('',*,*,#1266,.T.);
#507=ORIENTED_EDGE('',*,*,#1267,.F.);
#508=ORIENTED_EDGE('',*,*,#1268,.F.);
#509=ORIENTED_EDGE('',*,*,#1269,.T.);
#510=ORIENTED_EDGE('',*,*,#1270,.T.);
#511=ORIENTED_EDGE('',*,*,#1271,.F.);
#512=ORIENTED_EDGE('',*,*,#1272,.F.);
#513=ORIENTED_EDGE('',*,*,#1267,.T.);
#514=ORIENTED_EDGE('',*,*,#1273,.F.);
#515=ORIENTED_EDGE('',*,*,#1274,.F.);
#516=ORIENTED_EDGE('',*,*,#1275,.T.);
#517=ORIENTED_EDGE('',*,*,#1271,.T.);
#518=ORIENTED_EDGE('',*,*,#1276,.F.);
#519=ORIENTED_EDGE('',*,*,#1269,.F.);
#520=ORIENTED_EDGE('',*,*,#1277,.T.);
#521=ORIENTED_EDGE('',*,*,#1274,.T.);
#522=ORIENTED_EDGE('',*,*,#1278,.T.);
#523=ORIENTED_EDGE('',*,*,#1279,.F.);
#524=ORIENTED_EDGE('',*,*,#1280,.F.);
#525=ORIENTED_EDGE('',*,*,#1281,.T.);
#526=ORIENTED_EDGE('',*,*,#1282,.T.);
#527=ORIENTED_EDGE('',*,*,#1283,.F.);
#528=ORIENTED_EDGE('',*,*,#1284,.F.);
#529=ORIENTED_EDGE('',*,*,#1279,.T.);
#530=ORIENTED_EDGE('',*,*,#1285,.F.);
#531=ORIENTED_EDGE('',*,*,#1286,.F.);
#532=ORIENTED_EDGE('',*,*,#1287,.T.);
#533=ORIENTED_EDGE('',*,*,#1283,.T.);
#534=ORIENTED_EDGE('',*,*,#1288,.F.);
#535=ORIENTED_EDGE('',*,*,#1281,.F.);
#536=ORIENTED_EDGE('',*,*,#1289,.T.);
#537=ORIENTED_EDGE('',*,*,#1286,.T.);
#538=ORIENTED_EDGE('',*,*,#1288,.T.);
#539=ORIENTED_EDGE('',*,*,#1285,.T.);
#540=ORIENTED_EDGE('',*,*,#1282,.F.);
#541=ORIENTED_EDGE('',*,*,#1278,.F.);
#542=ORIENTED_EDGE('',*,*,#1276,.T.);
#543=ORIENTED_EDGE('',*,*,#1273,.T.);
#544=ORIENTED_EDGE('',*,*,#1270,.F.);
#545=ORIENTED_EDGE('',*,*,#1266,.F.);
#546=ORIENTED_EDGE('',*,*,#1264,.T.);
#547=ORIENTED_EDGE('',*,*,#1261,.T.);
#548=ORIENTED_EDGE('',*,*,#1258,.F.);
#549=ORIENTED_EDGE('',*,*,#1254,.F.);
#550=ORIENTED_EDGE('',*,*,#1252,.T.);
#551=ORIENTED_EDGE('',*,*,#1249,.T.);
#552=ORIENTED_EDGE('',*,*,#1246,.F.);
#553=ORIENTED_EDGE('',*,*,#1242,.F.);
#554=ORIENTED_EDGE('',*,*,#1240,.T.);
#555=ORIENTED_EDGE('',*,*,#1237,.T.);
#556=ORIENTED_EDGE('',*,*,#1234,.F.);
#557=ORIENTED_EDGE('',*,*,#1230,.F.);
#558=ORIENTED_EDGE('',*,*,#1228,.T.);
#559=ORIENTED_EDGE('',*,*,#1225,.T.);
#560=ORIENTED_EDGE('',*,*,#1222,.F.);
#561=ORIENTED_EDGE('',*,*,#1218,.F.);
#562=ORIENTED_EDGE('',*,*,#1216,.T.);
#563=ORIENTED_EDGE('',*,*,#1213,.T.);
#564=ORIENTED_EDGE('',*,*,#1210,.F.);
#565=ORIENTED_EDGE('',*,*,#1206,.F.);
#566=ORIENTED_EDGE('',*,*,#1204,.T.);
#567=ORIENTED_EDGE('',*,*,#1201,.T.);
#568=ORIENTED_EDGE('',*,*,#1198,.F.);
#569=ORIENTED_EDGE('',*,*,#1194,.F.);
#570=ORIENTED_EDGE('',*,*,#1192,.T.);
#571=ORIENTED_EDGE('',*,*,#1189,.T.);
#572=ORIENTED_EDGE('',*,*,#1186,.F.);
#573=ORIENTED_EDGE('',*,*,#1182,.F.);
#574=ORIENTED_EDGE('',*,*,#1180,.T.);
#575=ORIENTED_EDGE('',*,*,#1177,.T.);
#576=ORIENTED_EDGE('',*,*,#1174,.F.);
#577=ORIENTED_EDGE('',*,*,#1170,.F.);
#578=ORIENTED_EDGE('',*,*,#1168,.T.);
#579=ORIENTED_EDGE('',*,*,#1165,.T.);
#580=ORIENTED_EDGE('',*,*,#1162,.F.);
#581=ORIENTED_EDGE('',*,*,#1158,.F.);
#582=ORIENTED_EDGE('',*,*,#1156,.T.);
#583=ORIENTED_EDGE('',*,*,#1153,.T.);
#584=ORIENTED_EDGE('',*,*,#1150,.F.);
#585=ORIENTED_EDGE('',*,*,#1146,.F.);
#586=ORIENTED_EDGE('',*,*,#1144,.T.);
#587=ORIENTED_EDGE('',*,*,#1141,.T.);
#588=ORIENTED_EDGE('',*,*,#1138,.F.);
#589=ORIENTED_EDGE('',*,*,#1134,.F.);
#590=ORIENTED_EDGE('',*,*,#1132,.T.);
#591=ORIENTED_EDGE('',*,*,#1129,.T.);
#592=ORIENTED_EDGE('',*,*,#1126,.F.);
#593=ORIENTED_EDGE('',*,*,#1122,.F.);
#594=ORIENTED_EDGE('',*,*,#1120,.T.);
#595=ORIENTED_EDGE('',*,*,#1117,.T.);
#596=ORIENTED_EDGE('',*,*,#1114,.F.);
#597=ORIENTED_EDGE('',*,*,#1110,.F.);
#598=ORIENTED_EDGE('',*,*,#1108,.T.);
#599=ORIENTED_EDGE('',*,*,#1105,.T.);
#600=ORIENTED_EDGE('',*,*,#1102,.F.);
#601=ORIENTED_EDGE('',*,*,#1098,.F.);
#602=ORIENTED_EDGE('',*,*,#1096,.T.);
#603=ORIENTED_EDGE('',*,*,#1093,.T.);
#604=ORIENTED_EDGE('',*,*,#1090,.F.);
#605=ORIENTED_EDGE('',*,*,#1086,.F.);
#606=ORIENTED_EDGE('',*,*,#1084,.T.);
#607=ORIENTED_EDGE('',*,*,#1081,.T.);
#608=ORIENTED_EDGE('',*,*,#1078,.F.);
#609=ORIENTED_EDGE('',*,*,#1074,.F.);
#610=ORIENTED_EDGE('',*,*,#1072,.T.);
#611=ORIENTED_EDGE('',*,*,#1069,.T.);
#612=ORIENTED_EDGE('',*,*,#1066,.F.);
#613=ORIENTED_EDGE('',*,*,#1062,.F.);
#614=ORIENTED_EDGE('',*,*,#1060,.T.);
#615=ORIENTED_EDGE('',*,*,#1057,.T.);
#616=ORIENTED_EDGE('',*,*,#1054,.F.);
#617=ORIENTED_EDGE('',*,*,#1050,.F.);
#618=ORIENTED_EDGE('',*,*,#1290,.F.);
#619=ORIENTED_EDGE('',*,*,#1291,.T.);
#620=ORIENTED_EDGE('',*,*,#1292,.F.);
#621=ORIENTED_EDGE('',*,*,#1293,.F.);
#622=ORIENTED_EDGE('',*,*,#1294,.F.);
#623=ORIENTED_EDGE('',*,*,#909,.T.);
#624=ORIENTED_EDGE('',*,*,#1295,.T.);
#625=ORIENTED_EDGE('',*,*,#1046,.F.);
#626=ORIENTED_EDGE('',*,*,#1296,.F.);
#627=ORIENTED_EDGE('',*,*,#1297,.T.);
#628=ORIENTED_EDGE('',*,*,#1298,.T.);
#629=ORIENTED_EDGE('',*,*,#1042,.F.);
#630=ORIENTED_EDGE('',*,*,#1299,.F.);
#631=ORIENTED_EDGE('',*,*,#1300,.T.);
#632=ORIENTED_EDGE('',*,*,#1301,.T.);
#633=ORIENTED_EDGE('',*,*,#1038,.F.);
#634=ORIENTED_EDGE('',*,*,#1302,.F.);
#635=ORIENTED_EDGE('',*,*,#1303,.T.);
#636=ORIENTED_EDGE('',*,*,#1304,.F.);
#637=ORIENTED_EDGE('',*,*,#1305,.F.);
#638=ORIENTED_EDGE('',*,*,#1306,.F.);
#639=ORIENTED_EDGE('',*,*,#905,.T.);
#640=ORIENTED_EDGE('',*,*,#1307,.T.);
#641=ORIENTED_EDGE('',*,*,#1035,.T.);
#642=ORIENTED_EDGE('',*,*,#1032,.T.);
#643=ORIENTED_EDGE('',*,*,#1029,.F.);
#644=ORIENTED_EDGE('',*,*,#1026,.T.);
#645=ORIENTED_EDGE('',*,*,#1023,.F.);
#646=ORIENTED_EDGE('',*,*,#1020,.T.);
#647=ORIENTED_EDGE('',*,*,#1016,.F.);
#648=ORIENTED_EDGE('',*,*,#1014,.T.);
#649=ORIENTED_EDGE('',*,*,#1011,.T.);
#650=ORIENTED_EDGE('',*,*,#1008,.F.);
#651=ORIENTED_EDGE('',*,*,#1004,.F.);
#652=ORIENTED_EDGE('',*,*,#1002,.T.);
#653=ORIENTED_EDGE('',*,*,#999,.T.);
#654=ORIENTED_EDGE('',*,*,#996,.F.);
#655=ORIENTED_EDGE('',*,*,#992,.F.);
#656=ORIENTED_EDGE('',*,*,#990,.T.);
#657=ORIENTED_EDGE('',*,*,#987,.T.);
#658=ORIENTED_EDGE('',*,*,#984,.F.);
#659=ORIENTED_EDGE('',*,*,#980,.F.);
#660=ORIENTED_EDGE('',*,*,#978,.T.);
#661=ORIENTED_EDGE('',*,*,#975,.T.);
#662=ORIENTED_EDGE('',*,*,#972,.F.);
#663=ORIENTED_EDGE('',*,*,#968,.F.);
#664=ORIENTED_EDGE('',*,*,#966,.T.);
#665=ORIENTED_EDGE('',*,*,#963,.T.);
#666=ORIENTED_EDGE('',*,*,#960,.F.);
#667=ORIENTED_EDGE('',*,*,#956,.F.);
#668=ORIENTED_EDGE('',*,*,#954,.T.);
#669=ORIENTED_EDGE('',*,*,#951,.T.);
#670=ORIENTED_EDGE('',*,*,#948,.F.);
#671=ORIENTED_EDGE('',*,*,#944,.F.);
#672=ORIENTED_EDGE('',*,*,#942,.T.);
#673=ORIENTED_EDGE('',*,*,#939,.T.);
#674=ORIENTED_EDGE('',*,*,#936,.F.);
#675=ORIENTED_EDGE('',*,*,#932,.F.);
#676=ORIENTED_EDGE('',*,*,#930,.T.);
#677=ORIENTED_EDGE('',*,*,#927,.T.);
#678=ORIENTED_EDGE('',*,*,#924,.F.);
#679=ORIENTED_EDGE('',*,*,#920,.F.);
#680=ORIENTED_EDGE('',*,*,#919,.T.);
#681=ORIENTED_EDGE('',*,*,#916,.T.);
#682=ORIENTED_EDGE('',*,*,#912,.T.);
#683=ORIENTED_EDGE('',*,*,#911,.T.);
#684=ORIENTED_EDGE('',*,*,#1308,.F.);
#685=ORIENTED_EDGE('',*,*,#1309,.T.);
#686=ORIENTED_EDGE('',*,*,#1018,.T.);
#687=ORIENTED_EDGE('',*,*,#1022,.F.);
#688=ORIENTED_EDGE('',*,*,#1025,.T.);
#689=ORIENTED_EDGE('',*,*,#1028,.F.);
#690=ORIENTED_EDGE('',*,*,#1031,.T.);
#691=ORIENTED_EDGE('',*,*,#1034,.F.);
#692=ORIENTED_EDGE('',*,*,#1037,.F.);
#693=ORIENTED_EDGE('',*,*,#1310,.F.);
#694=ORIENTED_EDGE('',*,*,#903,.F.);
#695=ORIENTED_EDGE('',*,*,#1311,.T.);
#696=ORIENTED_EDGE('',*,*,#1312,.T.);
#697=ORIENTED_EDGE('',*,*,#1313,.T.);
#698=ORIENTED_EDGE('',*,*,#1314,.F.);
#699=ORIENTED_EDGE('',*,*,#1315,.T.);
#700=ORIENTED_EDGE('',*,*,#1040,.T.);
#701=ORIENTED_EDGE('',*,*,#1316,.F.);
#702=ORIENTED_EDGE('',*,*,#1317,.F.);
#703=ORIENTED_EDGE('',*,*,#1318,.T.);
#704=ORIENTED_EDGE('',*,*,#1044,.T.);
#705=ORIENTED_EDGE('',*,*,#1319,.F.);
#706=ORIENTED_EDGE('',*,*,#1320,.F.);
#707=ORIENTED_EDGE('',*,*,#1321,.T.);
#708=ORIENTED_EDGE('',*,*,#1048,.T.);
#709=ORIENTED_EDGE('',*,*,#1322,.F.);
#710=ORIENTED_EDGE('',*,*,#907,.F.);
#711=ORIENTED_EDGE('',*,*,#1323,.T.);
#712=ORIENTED_EDGE('',*,*,#1324,.T.);
#713=ORIENTED_EDGE('',*,*,#1325,.T.);
#714=ORIENTED_EDGE('',*,*,#1289,.F.);
#715=ORIENTED_EDGE('',*,*,#1280,.T.);
#716=ORIENTED_EDGE('',*,*,#1284,.T.);
#717=ORIENTED_EDGE('',*,*,#1287,.F.);
#718=ORIENTED_EDGE('',*,*,#1277,.F.);
#719=ORIENTED_EDGE('',*,*,#1268,.T.);
#720=ORIENTED_EDGE('',*,*,#1272,.T.);
#721=ORIENTED_EDGE('',*,*,#1275,.F.);
#722=ORIENTED_EDGE('',*,*,#1265,.F.);
#723=ORIENTED_EDGE('',*,*,#1256,.T.);
#724=ORIENTED_EDGE('',*,*,#1260,.T.);
#725=ORIENTED_EDGE('',*,*,#1263,.F.);
#726=ORIENTED_EDGE('',*,*,#1253,.F.);
#727=ORIENTED_EDGE('',*,*,#1244,.T.);
#728=ORIENTED_EDGE('',*,*,#1248,.T.);
#729=ORIENTED_EDGE('',*,*,#1251,.F.);
#730=ORIENTED_EDGE('',*,*,#1241,.F.);
#731=ORIENTED_EDGE('',*,*,#1232,.T.);
#732=ORIENTED_EDGE('',*,*,#1236,.T.);
#733=ORIENTED_EDGE('',*,*,#1239,.F.);
#734=ORIENTED_EDGE('',*,*,#1229,.F.);
#735=ORIENTED_EDGE('',*,*,#1220,.T.);
#736=ORIENTED_EDGE('',*,*,#1224,.T.);
#737=ORIENTED_EDGE('',*,*,#1227,.F.);
#738=ORIENTED_EDGE('',*,*,#1217,.F.);
#739=ORIENTED_EDGE('',*,*,#1208,.T.);
#740=ORIENTED_EDGE('',*,*,#1212,.T.);
#741=ORIENTED_EDGE('',*,*,#1215,.F.);
#742=ORIENTED_EDGE('',*,*,#1205,.F.);
#743=ORIENTED_EDGE('',*,*,#1196,.T.);
#744=ORIENTED_EDGE('',*,*,#1200,.T.);
#745=ORIENTED_EDGE('',*,*,#1203,.F.);
#746=ORIENTED_EDGE('',*,*,#1193,.F.);
#747=ORIENTED_EDGE('',*,*,#1184,.T.);
#748=ORIENTED_EDGE('',*,*,#1188,.T.);
#749=ORIENTED_EDGE('',*,*,#1191,.F.);
#750=ORIENTED_EDGE('',*,*,#1181,.F.);
#751=ORIENTED_EDGE('',*,*,#1172,.T.);
#752=ORIENTED_EDGE('',*,*,#1176,.T.);
#753=ORIENTED_EDGE('',*,*,#1179,.F.);
#754=ORIENTED_EDGE('',*,*,#1169,.F.);
#755=ORIENTED_EDGE('',*,*,#1160,.T.);
#756=ORIENTED_EDGE('',*,*,#1164,.T.);
#757=ORIENTED_EDGE('',*,*,#1167,.F.);
#758=ORIENTED_EDGE('',*,*,#1157,.F.);
#759=ORIENTED_EDGE('',*,*,#1148,.T.);
#760=ORIENTED_EDGE('',*,*,#1152,.T.);
#761=ORIENTED_EDGE('',*,*,#1155,.F.);
#762=ORIENTED_EDGE('',*,*,#1145,.F.);
#763=ORIENTED_EDGE('',*,*,#1136,.T.);
#764=ORIENTED_EDGE('',*,*,#1140,.T.);
#765=ORIENTED_EDGE('',*,*,#1143,.F.);
#766=ORIENTED_EDGE('',*,*,#1133,.F.);
#767=ORIENTED_EDGE('',*,*,#1124,.T.);
#768=ORIENTED_EDGE('',*,*,#1128,.T.);
#769=ORIENTED_EDGE('',*,*,#1131,.F.);
#770=ORIENTED_EDGE('',*,*,#1121,.F.);
#771=ORIENTED_EDGE('',*,*,#1112,.T.);
#772=ORIENTED_EDGE('',*,*,#1116,.T.);
#773=ORIENTED_EDGE('',*,*,#1119,.F.);
#774=ORIENTED_EDGE('',*,*,#1109,.F.);
#775=ORIENTED_EDGE('',*,*,#1100,.T.);
#776=ORIENTED_EDGE('',*,*,#1104,.T.);
#777=ORIENTED_EDGE('',*,*,#1107,.F.);
#778=ORIENTED_EDGE('',*,*,#1097,.F.);
#779=ORIENTED_EDGE('',*,*,#1088,.T.);
#780=ORIENTED_EDGE('',*,*,#1092,.T.);
#781=ORIENTED_EDGE('',*,*,#1095,.F.);
#782=ORIENTED_EDGE('',*,*,#1085,.F.);
#783=ORIENTED_EDGE('',*,*,#1076,.T.);
#784=ORIENTED_EDGE('',*,*,#1080,.T.);
#785=ORIENTED_EDGE('',*,*,#1083,.F.);
#786=ORIENTED_EDGE('',*,*,#1073,.F.);
#787=ORIENTED_EDGE('',*,*,#1064,.T.);
#788=ORIENTED_EDGE('',*,*,#1068,.T.);
#789=ORIENTED_EDGE('',*,*,#1071,.F.);
#790=ORIENTED_EDGE('',*,*,#1061,.F.);
#791=ORIENTED_EDGE('',*,*,#1052,.T.);
#792=ORIENTED_EDGE('',*,*,#1056,.T.);
#793=ORIENTED_EDGE('',*,*,#1059,.F.);
#794=ORIENTED_EDGE('',*,*,#1015,.F.);
#795=ORIENTED_EDGE('',*,*,#1006,.T.);
#796=ORIENTED_EDGE('',*,*,#1010,.T.);
#797=ORIENTED_EDGE('',*,*,#1013,.F.);
#798=ORIENTED_EDGE('',*,*,#1003,.F.);
#799=ORIENTED_EDGE('',*,*,#994,.T.);
#800=ORIENTED_EDGE('',*,*,#998,.T.);
#801=ORIENTED_EDGE('',*,*,#1001,.F.);
#802=ORIENTED_EDGE('',*,*,#991,.F.);
#803=ORIENTED_EDGE('',*,*,#982,.T.);
#804=ORIENTED_EDGE('',*,*,#986,.T.);
#805=ORIENTED_EDGE('',*,*,#989,.F.);
#806=ORIENTED_EDGE('',*,*,#979,.F.);
#807=ORIENTED_EDGE('',*,*,#970,.T.);
#808=ORIENTED_EDGE('',*,*,#974,.T.);
#809=ORIENTED_EDGE('',*,*,#977,.F.);
#810=ORIENTED_EDGE('',*,*,#967,.F.);
#811=ORIENTED_EDGE('',*,*,#958,.T.);
#812=ORIENTED_EDGE('',*,*,#962,.T.);
#813=ORIENTED_EDGE('',*,*,#965,.F.);
#814=ORIENTED_EDGE('',*,*,#955,.F.);
#815=ORIENTED_EDGE('',*,*,#946,.T.);
#816=ORIENTED_EDGE('',*,*,#950,.T.);
#817=ORIENTED_EDGE('',*,*,#953,.F.);
#818=ORIENTED_EDGE('',*,*,#943,.F.);
#819=ORIENTED_EDGE('',*,*,#934,.T.);
#820=ORIENTED_EDGE('',*,*,#938,.T.);
#821=ORIENTED_EDGE('',*,*,#941,.F.);
#822=ORIENTED_EDGE('',*,*,#931,.F.);
#823=ORIENTED_EDGE('',*,*,#922,.T.);
#824=ORIENTED_EDGE('',*,*,#926,.T.);
#825=ORIENTED_EDGE('',*,*,#929,.F.);
#826=ORIENTED_EDGE('',*,*,#918,.F.);
#827=ORIENTED_EDGE('',*,*,#917,.F.);
#828=ORIENTED_EDGE('',*,*,#914,.F.);
#829=ORIENTED_EDGE('',*,*,#910,.F.);
#830=ORIENTED_EDGE('',*,*,#1326,.F.);
#831=ORIENTED_EDGE('',*,*,#1316,.T.);
#832=ORIENTED_EDGE('',*,*,#1039,.T.);
#833=ORIENTED_EDGE('',*,*,#1301,.F.);
#834=ORIENTED_EDGE('',*,*,#1327,.F.);
#835=ORIENTED_EDGE('',*,*,#1319,.T.);
#836=ORIENTED_EDGE('',*,*,#1043,.T.);
#837=ORIENTED_EDGE('',*,*,#1298,.F.);
#838=ORIENTED_EDGE('',*,*,#908,.F.);
#839=ORIENTED_EDGE('',*,*,#1322,.T.);
#840=ORIENTED_EDGE('',*,*,#1047,.T.);
#841=ORIENTED_EDGE('',*,*,#1295,.F.);
#842=ORIENTED_EDGE('',*,*,#1315,.F.);
#843=ORIENTED_EDGE('',*,*,#1328,.T.);
#844=ORIENTED_EDGE('',*,*,#1302,.T.);
#845=ORIENTED_EDGE('',*,*,#1041,.F.);
#846=ORIENTED_EDGE('',*,*,#1318,.F.);
#847=ORIENTED_EDGE('',*,*,#1329,.T.);
#848=ORIENTED_EDGE('',*,*,#1299,.T.);
#849=ORIENTED_EDGE('',*,*,#1045,.F.);
#850=ORIENTED_EDGE('',*,*,#1321,.F.);
#851=ORIENTED_EDGE('',*,*,#1330,.T.);
#852=ORIENTED_EDGE('',*,*,#1296,.T.);
#853=ORIENTED_EDGE('',*,*,#1049,.F.);
#854=ORIENTED_EDGE('',*,*,#1309,.F.);
#855=ORIENTED_EDGE('',*,*,#1331,.T.);
#856=ORIENTED_EDGE('',*,*,#1290,.T.);
#857=ORIENTED_EDGE('',*,*,#1019,.F.);
#858=ORIENTED_EDGE('',*,*,#904,.F.);
#859=ORIENTED_EDGE('',*,*,#1310,.T.);
#860=ORIENTED_EDGE('',*,*,#1036,.F.);
#861=ORIENTED_EDGE('',*,*,#1307,.F.);
#862=ORIENTED_EDGE('',*,*,#1314,.T.);
#863=ORIENTED_EDGE('',*,*,#1332,.T.);
#864=ORIENTED_EDGE('',*,*,#1303,.F.);
#865=ORIENTED_EDGE('',*,*,#1328,.F.);
#866=ORIENTED_EDGE('',*,*,#1317,.T.);
#867=ORIENTED_EDGE('',*,*,#1326,.T.);
#868=ORIENTED_EDGE('',*,*,#1300,.F.);
#869=ORIENTED_EDGE('',*,*,#1329,.F.);
#870=ORIENTED_EDGE('',*,*,#1320,.T.);
#871=ORIENTED_EDGE('',*,*,#1327,.T.);
#872=ORIENTED_EDGE('',*,*,#1297,.F.);
#873=ORIENTED_EDGE('',*,*,#1330,.F.);
#874=ORIENTED_EDGE('',*,*,#1308,.T.);
#875=ORIENTED_EDGE('',*,*,#1333,.T.);
#876=ORIENTED_EDGE('',*,*,#1291,.F.);
#877=ORIENTED_EDGE('',*,*,#1331,.F.);
#878=ORIENTED_EDGE('',*,*,#1294,.T.);
#879=ORIENTED_EDGE('',*,*,#1334,.F.);
#880=ORIENTED_EDGE('',*,*,#1323,.F.);
#881=ORIENTED_EDGE('',*,*,#906,.T.);
#882=ORIENTED_EDGE('',*,*,#1293,.T.);
#883=ORIENTED_EDGE('',*,*,#1335,.F.);
#884=ORIENTED_EDGE('',*,*,#1324,.F.);
#885=ORIENTED_EDGE('',*,*,#1334,.T.);
#886=ORIENTED_EDGE('',*,*,#1292,.T.);
#887=ORIENTED_EDGE('',*,*,#1333,.F.);
#888=ORIENTED_EDGE('',*,*,#1325,.F.);
#889=ORIENTED_EDGE('',*,*,#1335,.T.);
#890=ORIENTED_EDGE('',*,*,#1306,.T.);
#891=ORIENTED_EDGE('',*,*,#1336,.F.);
#892=ORIENTED_EDGE('',*,*,#1311,.F.);
#893=ORIENTED_EDGE('',*,*,#902,.T.);
#894=ORIENTED_EDGE('',*,*,#1305,.T.);
#895=ORIENTED_EDGE('',*,*,#1337,.F.);
#896=ORIENTED_EDGE('',*,*,#1312,.F.);
#897=ORIENTED_EDGE('',*,*,#1336,.T.);
#898=ORIENTED_EDGE('',*,*,#1304,.T.);
#899=ORIENTED_EDGE('',*,*,#1332,.F.);
#900=ORIENTED_EDGE('',*,*,#1313,.F.);
#901=ORIENTED_EDGE('',*,*,#1337,.T.);
#902=EDGE_CURVE('',#1338,#1339,#1630,.T.);
#903=EDGE_CURVE('',#1338,#1340,#1631,.T.);
#904=EDGE_CURVE('',#1340,#1341,#1632,.T.);
#905=EDGE_CURVE('',#1339,#1341,#1633,.T.);
#906=EDGE_CURVE('',#1342,#1343,#1634,.T.);
#907=EDGE_CURVE('',#1342,#1344,#1635,.T.);
#908=EDGE_CURVE('',#1344,#1345,#1636,.T.);
#909=EDGE_CURVE('',#1343,#1345,#1637,.T.);
#910=EDGE_CURVE('',#1346,#1346,#12,.T.);
#911=EDGE_CURVE('',#1347,#1347,#13,.T.);
#912=EDGE_CURVE('',#1348,#1349,#14,.T.);
#913=EDGE_CURVE('',#1350,#1348,#1638,.T.);
#914=EDGE_CURVE('',#1350,#1351,#15,.T.);
#915=EDGE_CURVE('',#1351,#1349,#1639,.T.);
#916=EDGE_CURVE('',#1349,#1348,#16,.T.);
#917=EDGE_CURVE('',#1351,#1350,#17,.T.);
#918=EDGE_CURVE('',#1352,#1352,#18,.T.);
#919=EDGE_CURVE('',#1353,#1353,#19,.T.);
#920=EDGE_CURVE('',#1354,#1355,#1640,.T.);
#921=EDGE_CURVE('',#1356,#1355,#1641,.T.);
#922=EDGE_CURVE('',#1357,#1356,#1642,.T.);
#923=EDGE_CURVE('',#1357,#1354,#1643,.T.);
#924=EDGE_CURVE('',#1355,#1358,#1644,.T.);
#925=EDGE_CURVE('',#1359,#1358,#1645,.T.);
#926=EDGE_CURVE('',#1356,#1359,#1646,.T.);
#927=EDGE_CURVE('',#1360,#1358,#1647,.T.);
#928=EDGE_CURVE('',#1361,#1360,#1648,.T.);
#929=EDGE_CURVE('',#1361,#1359,#1649,.T.);
#930=EDGE_CURVE('',#1354,#1360,#1650,.T.);
#931=EDGE_CURVE('',#1357,#1361,#1651,.T.);
#932=EDGE_CURVE('',#1362,#1363,#1652,.T.);
#933=EDGE_CURVE('',#1364,#1363,#1653,.T.);
#934=EDGE_CURVE('',#1365,#1364,#1654,.T.);
#935=EDGE_CURVE('',#1365,#1362,#1655,.T.);
#936=EDGE_CURVE('',#1363,#1366,#1656,.T.);
#937=EDGE_CURVE('',#1367,#1366,#1657,.T.);
#938=EDGE_CURVE('',#1364,#1367,#1658,.T.);
#939=EDGE_CURVE('',#1368,#1366,#1659,.T.);
#940=EDGE_CURVE('',#1369,#1368,#1660,.T.);
#941=EDGE_CURVE('',#1369,#1367,#1661,.T.);
#942=EDGE_CURVE('',#1362,#1368,#1662,.T.);
#943=EDGE_CURVE('',#1365,#1369,#1663,.T.);
#944=EDGE_CURVE('',#1370,#1371,#1664,.T.);
#945=EDGE_CURVE('',#1372,#1371,#1665,.T.);
#946=EDGE_CURVE('',#1373,#1372,#1666,.T.);
#947=EDGE_CURVE('',#1373,#1370,#1667,.T.);
#948=EDGE_CURVE('',#1371,#1374,#1668,.T.);
#949=EDGE_CURVE('',#1375,#1374,#1669,.T.);
#950=EDGE_CURVE('',#1372,#1375,#1670,.T.);
#951=EDGE_CURVE('',#1376,#1374,#1671,.T.);
#952=EDGE_CURVE('',#1377,#1376,#1672,.T.);
#953=EDGE_CURVE('',#1377,#1375,#1673,.T.);
#954=EDGE_CURVE('',#1370,#1376,#1674,.T.);
#955=EDGE_CURVE('',#1373,#1377,#1675,.T.);
#956=EDGE_CURVE('',#1378,#1379,#1676,.T.);
#957=EDGE_CURVE('',#1380,#1379,#1677,.T.);
#958=EDGE_CURVE('',#1381,#1380,#1678,.T.);
#959=EDGE_CURVE('',#1381,#1378,#1679,.T.);
#960=EDGE_CURVE('',#1379,#1382,#1680,.T.);
#961=EDGE_CURVE('',#1383,#1382,#1681,.T.);
#962=EDGE_CURVE('',#1380,#1383,#1682,.T.);
#963=EDGE_CURVE('',#1384,#1382,#1683,.T.);
#964=EDGE_CURVE('',#1385,#1384,#1684,.T.);
#965=EDGE_CURVE('',#1385,#1383,#1685,.T.);
#966=EDGE_CURVE('',#1378,#1384,#1686,.T.);
#967=EDGE_CURVE('',#1381,#1385,#1687,.T.);
#968=EDGE_CURVE('',#1386,#1387,#1688,.T.);
#969=EDGE_CURVE('',#1388,#1387,#1689,.T.);
#970=EDGE_CURVE('',#1389,#1388,#1690,.T.);
#971=EDGE_CURVE('',#1389,#1386,#1691,.T.);
#972=EDGE_CURVE('',#1387,#1390,#1692,.T.);
#973=EDGE_CURVE('',#1391,#1390,#1693,.T.);
#974=EDGE_CURVE('',#1388,#1391,#1694,.T.);
#975=EDGE_CURVE('',#1392,#1390,#1695,.T.);
#976=EDGE_CURVE('',#1393,#1392,#1696,.T.);
#977=EDGE_CURVE('',#1393,#1391,#1697,.T.);
#978=EDGE_CURVE('',#1386,#1392,#1698,.T.);
#979=EDGE_CURVE('',#1389,#1393,#1699,.T.);
#980=EDGE_CURVE('',#1394,#1395,#1700,.T.);
#981=EDGE_CURVE('',#1396,#1395,#1701,.T.);
#982=EDGE_CURVE('',#1397,#1396,#1702,.T.);
#983=EDGE_CURVE('',#1397,#1394,#1703,.T.);
#984=EDGE_CURVE('',#1395,#1398,#1704,.T.);
#985=EDGE_CURVE('',#1399,#1398,#1705,.T.);
#986=EDGE_CURVE('',#1396,#1399,#1706,.T.);
#987=EDGE_CURVE('',#1400,#1398,#1707,.T.);
#988=EDGE_CURVE('',#1401,#1400,#1708,.T.);
#989=EDGE_CURVE('',#1401,#1399,#1709,.T.);
#990=EDGE_CURVE('',#1394,#1400,#1710,.T.);
#991=EDGE_CURVE('',#1397,#1401,#1711,.T.);
#992=EDGE_CURVE('',#1402,#1403,#1712,.T.);
#993=EDGE_CURVE('',#1404,#1403,#1713,.T.);
#994=EDGE_CURVE('',#1405,#1404,#1714,.T.);
#995=EDGE_CURVE('',#1405,#1402,#1715,.T.);
#996=EDGE_CURVE('',#1403,#1406,#1716,.T.);
#997=EDGE_CURVE('',#1407,#1406,#1717,.T.);
#998=EDGE_CURVE('',#1404,#1407,#1718,.T.);
#999=EDGE_CURVE('',#1408,#1406,#1719,.T.);
#1000=EDGE_CURVE('',#1409,#1408,#1720,.T.);
#1001=EDGE_CURVE('',#1409,#1407,#1721,.T.);
#1002=EDGE_CURVE('',#1402,#1408,#1722,.T.);
#1003=EDGE_CURVE('',#1405,#1409,#1723,.T.);
#1004=EDGE_CURVE('',#1410,#1411,#1724,.T.);
#1005=EDGE_CURVE('',#1412,#1411,#1725,.T.);
#1006=EDGE_CURVE('',#1413,#1412,#1726,.T.);
#1007=EDGE_CURVE('',#1413,#1410,#1727,.T.);
#1008=EDGE_CURVE('',#1411,#1414,#1728,.T.);
#1009=EDGE_CURVE('',#1415,#1414,#1729,.T.);
#1010=EDGE_CURVE('',#1412,#1415,#1730,.T.);
#1011=EDGE_CURVE('',#1416,#1414,#1731,.T.);
#1012=EDGE_CURVE('',#1417,#1416,#1732,.T.);
#1013=EDGE_CURVE('',#1417,#1415,#1733,.T.);
#1014=EDGE_CURVE('',#1410,#1416,#1734,.T.);
#1015=EDGE_CURVE('',#1413,#1417,#1735,.T.);
#1016=EDGE_CURVE('',#1418,#1419,#20,.T.);
#1017=EDGE_CURVE('',#1420,#1419,#1736,.T.);
#1018=EDGE_CURVE('',#1421,#1420,#21,.T.);
#1019=EDGE_CURVE('',#1421,#1418,#1737,.T.);
#1020=EDGE_CURVE('',#1422,#1419,#1738,.T.);
#1021=EDGE_CURVE('',#1423,#1422,#1739,.T.);
#1022=EDGE_CURVE('',#1423,#1420,#1740,.T.);
#1023=EDGE_CURVE('',#1422,#1424,#22,.T.);
#1024=EDGE_CURVE('',#1425,#1424,#1741,.T.);
#1025=EDGE_CURVE('',#1423,#1425,#23,.T.);
#1026=EDGE_CURVE('',#1426,#1424,#1742,.T.);
#1027=EDGE_CURVE('',#1426,#1427,#1743,.T.);
#1028=EDGE_CURVE('',#1427,#1425,#1744,.T.);
#1029=EDGE_CURVE('',#1426,#1428,#1745,.T.);
#1030=EDGE_CURVE('',#1429,#1428,#1746,.T.);
#1031=EDGE_CURVE('',#1427,#1429,#1747,.T.);
#1032=EDGE_CURVE('',#1430,#1428,#1748,.T.);
#1033=EDGE_CURVE('',#1431,#1430,#1749,.T.);
#1034=EDGE_CURVE('',#1431,#1429,#1750,.T.);
#1035=EDGE_CURVE('',#1432,#1430,#1751,.T.);
#1036=EDGE_CURVE('',#1432,#1433,#1752,.T.);
#1037=EDGE_CURVE('',#1433,#1431,#1753,.T.);
#1038=EDGE_CURVE('',#1434,#1435,#1754,.T.);
#1039=EDGE_CURVE('',#1436,#1435,#1755,.T.);
#1040=EDGE_CURVE('',#1437,#1436,#1756,.T.);
#1041=EDGE_CURVE('',#1437,#1434,#1757,.T.);
#1042=EDGE_CURVE('',#1438,#1439,#1758,.T.);
#1043=EDGE_CURVE('',#1440,#1439,#1759,.T.);
#1044=EDGE_CURVE('',#1441,#1440,#1760,.T.);
#1045=EDGE_CURVE('',#1441,#1438,#1761,.T.);
#1046=EDGE_CURVE('',#1442,#1443,#1762,.T.);
#1047=EDGE_CURVE('',#1444,#1443,#1763,.T.);
#1048=EDGE_CURVE('',#1445,#1444,#1764,.T.);
#1049=EDGE_CURVE('',#1445,#1442,#1765,.T.);
#1050=EDGE_CURVE('',#1446,#1447,#1766,.T.);
#1051=EDGE_CURVE('',#1448,#1447,#1767,.T.);
#1052=EDGE_CURVE('',#1449,#1448,#1768,.T.);
#1053=EDGE_CURVE('',#1449,#1446,#1769,.T.);
#1054=EDGE_CURVE('',#1447,#1450,#1770,.T.);
#1055=EDGE_CURVE('',#1451,#1450,#1771,.T.);
#1056=EDGE_CURVE('',#1448,#1451,#1772,.T.);
#1057=EDGE_CURVE('',#1452,#1450,#1773,.T.);
#1058=EDGE_CURVE('',#1453,#1452,#1774,.T.);
#1059=EDGE_CURVE('',#1453,#1451,#1775,.T.);
#1060=EDGE_CURVE('',#1446,#1452,#1776,.T.);
#1061=EDGE_CURVE('',#1449,#1453,#1777,.T.);
#1062=EDGE_CURVE('',#1454,#1455,#1778,.T.);
#1063=EDGE_CURVE('',#1456,#1455,#1779,.T.);
#1064=EDGE_CURVE('',#1457,#1456,#1780,.T.);
#1065=EDGE_CURVE('',#1457,#1454,#1781,.T.);
#1066=EDGE_CURVE('',#1455,#1458,#1782,.T.);
#1067=EDGE_CURVE('',#1459,#1458,#1783,.T.);
#1068=EDGE_CURVE('',#1456,#1459,#1784,.T.);
#1069=EDGE_CURVE('',#1460,#1458,#1785,.T.);
#1070=EDGE_CURVE('',#1461,#1460,#1786,.T.);
#1071=EDGE_CURVE('',#1461,#1459,#1787,.T.);
#1072=EDGE_CURVE('',#1454,#1460,#1788,.T.);
#1073=EDGE_CURVE('',#1457,#1461,#1789,.T.);
#1074=EDGE_CURVE('',#1462,#1463,#1790,.T.);
#1075=EDGE_CURVE('',#1464,#1463,#1791,.T.);
#1076=EDGE_CURVE('',#1465,#1464,#1792,.T.);
#1077=EDGE_CURVE('',#1465,#1462,#1793,.T.);
#1078=EDGE_CURVE('',#1463,#1466,#1794,.T.);
#1079=EDGE_CURVE('',#1467,#1466,#1795,.T.);
#1080=EDGE_CURVE('',#1464,#1467,#1796,.T.);
#1081=EDGE_CURVE('',#1468,#1466,#1797,.T.);
#1082=EDGE_CURVE('',#1469,#1468,#1798,.T.);
#1083=EDGE_CURVE('',#1469,#1467,#1799,.T.);
#1084=EDGE_CURVE('',#1462,#1468,#1800,.T.);
#1085=EDGE_CURVE('',#1465,#1469,#1801,.T.);
#1086=EDGE_CURVE('',#1470,#1471,#1802,.T.);
#1087=EDGE_CURVE('',#1472,#1471,#1803,.T.);
#1088=EDGE_CURVE('',#1473,#1472,#1804,.T.);
#1089=EDGE_CURVE('',#1473,#1470,#1805,.T.);
#1090=EDGE_CURVE('',#1471,#1474,#1806,.T.);
#1091=EDGE_CURVE('',#1475,#1474,#1807,.T.);
#1092=EDGE_CURVE('',#1472,#1475,#1808,.T.);
#1093=EDGE_CURVE('',#1476,#1474,#1809,.T.);
#1094=EDGE_CURVE('',#1477,#1476,#1810,.T.);
#1095=EDGE_CURVE('',#1477,#1475,#1811,.T.);
#1096=EDGE_CURVE('',#1470,#1476,#1812,.T.);
#1097=EDGE_CURVE('',#1473,#1477,#1813,.T.);
#1098=EDGE_CURVE('',#1478,#1479,#1814,.T.);
#1099=EDGE_CURVE('',#1480,#1479,#1815,.T.);
#1100=EDGE_CURVE('',#1481,#1480,#1816,.T.);
#1101=EDGE_CURVE('',#1481,#1478,#1817,.T.);
#1102=EDGE_CURVE('',#1479,#1482,#1818,.T.);
#1103=EDGE_CURVE('',#1483,#1482,#1819,.T.);
#1104=EDGE_CURVE('',#1480,#1483,#1820,.T.);
#1105=EDGE_CURVE('',#1484,#1482,#1821,.T.);
#1106=EDGE_CURVE('',#1485,#1484,#1822,.T.);
#1107=EDGE_CURVE('',#1485,#1483,#1823,.T.);
#1108=EDGE_CURVE('',#1478,#1484,#1824,.T.);
#1109=EDGE_CURVE('',#1481,#1485,#1825,.T.);
#1110=EDGE_CURVE('',#1486,#1487,#1826,.T.);
#1111=EDGE_CURVE('',#1488,#1487,#1827,.T.);
#1112=EDGE_CURVE('',#1489,#1488,#1828,.T.);
#1113=EDGE_CURVE('',#1489,#1486,#1829,.T.);
#1114=EDGE_CURVE('',#1487,#1490,#1830,.T.);
#1115=EDGE_CURVE('',#1491,#1490,#1831,.T.);
#1116=EDGE_CURVE('',#1488,#1491,#1832,.T.);
#1117=EDGE_CURVE('',#1492,#1490,#1833,.T.);
#1118=EDGE_CURVE('',#1493,#1492,#1834,.T.);
#1119=EDGE_CURVE('',#1493,#1491,#1835,.T.);
#1120=EDGE_CURVE('',#1486,#1492,#1836,.T.);
#1121=EDGE_CURVE('',#1489,#1493,#1837,.T.);
#1122=EDGE_CURVE('',#1494,#1495,#1838,.T.);
#1123=EDGE_CURVE('',#1496,#1495,#1839,.T.);
#1124=EDGE_CURVE('',#1497,#1496,#1840,.T.);
#1125=EDGE_CURVE('',#1497,#1494,#1841,.T.);
#1126=EDGE_CURVE('',#1495,#1498,#1842,.T.);
#1127=EDGE_CURVE('',#1499,#1498,#1843,.T.);
#1128=EDGE_CURVE('',#1496,#1499,#1844,.T.);
#1129=EDGE_CURVE('',#1500,#1498,#1845,.T.);
#1130=EDGE_CURVE('',#1501,#1500,#1846,.T.);
#1131=EDGE_CURVE('',#1501,#1499,#1847,.T.);
#1132=EDGE_CURVE('',#1494,#1500,#1848,.T.);
#1133=EDGE_CURVE('',#1497,#1501,#1849,.T.);
#1134=EDGE_CURVE('',#1502,#1503,#1850,.T.);
#1135=EDGE_CURVE('',#1504,#1503,#1851,.T.);
#1136=EDGE_CURVE('',#1505,#1504,#1852,.T.);
#1137=EDGE_CURVE('',#1505,#1502,#1853,.T.);
#1138=EDGE_CURVE('',#1503,#1506,#1854,.T.);
#1139=EDGE_CURVE('',#1507,#1506,#1855,.T.);
#1140=EDGE_CURVE('',#1504,#1507,#1856,.T.);
#1141=EDGE_CURVE('',#1508,#1506,#1857,.T.);
#1142=EDGE_CURVE('',#1509,#1508,#1858,.T.);
#1143=EDGE_CURVE('',#1509,#1507,#1859,.T.);
#1144=EDGE_CURVE('',#1502,#1508,#1860,.T.);
#1145=EDGE_CURVE('',#1505,#1509,#1861,.T.);
#1146=EDGE_CURVE('',#1510,#1511,#1862,.T.);
#1147=EDGE_CURVE('',#1512,#1511,#1863,.T.);
#1148=EDGE_CURVE('',#1513,#1512,#1864,.T.);
#1149=EDGE_CURVE('',#1513,#1510,#1865,.T.);
#1150=EDGE_CURVE('',#1511,#1514,#1866,.T.);
#1151=EDGE_CURVE('',#1515,#1514,#1867,.T.);
#1152=EDGE_CURVE('',#1512,#1515,#1868,.T.);
#1153=EDGE_CURVE('',#1516,#1514,#1869,.T.);
#1154=EDGE_CURVE('',#1517,#1516,#1870,.T.);
#1155=EDGE_CURVE('',#1517,#1515,#1871,.T.);
#1156=EDGE_CURVE('',#1510,#1516,#1872,.T.);
#1157=EDGE_CURVE('',#1513,#1517,#1873,.T.);
#1158=EDGE_CURVE('',#1518,#1519,#1874,.T.);
#1159=EDGE_CURVE('',#1520,#1519,#1875,.T.);
#1160=EDGE_CURVE('',#1521,#1520,#1876,.T.);
#1161=EDGE_CURVE('',#1521,#1518,#1877,.T.);
#1162=EDGE_CURVE('',#1519,#1522,#1878,.T.);
#1163=EDGE_CURVE('',#1523,#1522,#1879,.T.);
#1164=EDGE_CURVE('',#1520,#1523,#1880,.T.);
#1165=EDGE_CURVE('',#1524,#1522,#1881,.T.);
#1166=EDGE_CURVE('',#1525,#1524,#1882,.T.);
#1167=EDGE_CURVE('',#1525,#1523,#1883,.T.);
#1168=EDGE_CURVE('',#1518,#1524,#1884,.T.);
#1169=EDGE_CURVE('',#1521,#1525,#1885,.T.);
#1170=EDGE_CURVE('',#1526,#1527,#1886,.T.);
#1171=EDGE_CURVE('',#1528,#1527,#1887,.T.);
#1172=EDGE_CURVE('',#1529,#1528,#1888,.T.);
#1173=EDGE_CURVE('',#1529,#1526,#1889,.T.);
#1174=EDGE_CURVE('',#1527,#1530,#1890,.T.);
#1175=EDGE_CURVE('',#1531,#1530,#1891,.T.);
#1176=EDGE_CURVE('',#1528,#1531,#1892,.T.);
#1177=EDGE_CURVE('',#1532,#1530,#1893,.T.);
#1178=EDGE_CURVE('',#1533,#1532,#1894,.T.);
#1179=EDGE_CURVE('',#1533,#1531,#1895,.T.);
#1180=EDGE_CURVE('',#1526,#1532,#1896,.T.);
#1181=EDGE_CURVE('',#1529,#1533,#1897,.T.);
#1182=EDGE_CURVE('',#1534,#1535,#1898,.T.);
#1183=EDGE_CURVE('',#1536,#1535,#1899,.T.);
#1184=EDGE_CURVE('',#1537,#1536,#1900,.T.);
#1185=EDGE_CURVE('',#1537,#1534,#1901,.T.);
#1186=EDGE_CURVE('',#1535,#1538,#1902,.T.);
#1187=EDGE_CURVE('',#1539,#1538,#1903,.T.);
#1188=EDGE_CURVE('',#1536,#1539,#1904,.T.);
#1189=EDGE_CURVE('',#1540,#1538,#1905,.T.);
#1190=EDGE_CURVE('',#1541,#1540,#1906,.T.);
#1191=EDGE_CURVE('',#1541,#1539,#1907,.T.);
#1192=EDGE_CURVE('',#1534,#1540,#1908,.T.);
#1193=EDGE_CURVE('',#1537,#1541,#1909,.T.);
#1194=EDGE_CURVE('',#1542,#1543,#1910,.T.);
#1195=EDGE_CURVE('',#1544,#1543,#1911,.T.);
#1196=EDGE_CURVE('',#1545,#1544,#1912,.T.);
#1197=EDGE_CURVE('',#1545,#1542,#1913,.T.);
#1198=EDGE_CURVE('',#1543,#1546,#1914,.T.);
#1199=EDGE_CURVE('',#1547,#1546,#1915,.T.);
#1200=EDGE_CURVE('',#1544,#1547,#1916,.T.);
#1201=EDGE_CURVE('',#1548,#1546,#1917,.T.);
#1202=EDGE_CURVE('',#1549,#1548,#1918,.T.);
#1203=EDGE_CURVE('',#1549,#1547,#1919,.T.);
#1204=EDGE_CURVE('',#1542,#1548,#1920,.T.);
#1205=EDGE_CURVE('',#1545,#1549,#1921,.T.);
#1206=EDGE_CURVE('',#1550,#1551,#1922,.T.);
#1207=EDGE_CURVE('',#1552,#1551,#1923,.T.);
#1208=EDGE_CURVE('',#1553,#1552,#1924,.T.);
#1209=EDGE_CURVE('',#1553,#1550,#1925,.T.);
#1210=EDGE_CURVE('',#1551,#1554,#1926,.T.);
#1211=EDGE_CURVE('',#1555,#1554,#1927,.T.);
#1212=EDGE_CURVE('',#1552,#1555,#1928,.T.);
#1213=EDGE_CURVE('',#1556,#1554,#1929,.T.);
#1214=EDGE_CURVE('',#1557,#1556,#1930,.T.);
#1215=EDGE_CURVE('',#1557,#1555,#1931,.T.);
#1216=EDGE_CURVE('',#1550,#1556,#1932,.T.);
#1217=EDGE_CURVE('',#1553,#1557,#1933,.T.);
#1218=EDGE_CURVE('',#1558,#1559,#1934,.T.);
#1219=EDGE_CURVE('',#1560,#1559,#1935,.T.);
#1220=EDGE_CURVE('',#1561,#1560,#1936,.T.);
#1221=EDGE_CURVE('',#1561,#1558,#1937,.T.);
#1222=EDGE_CURVE('',#1559,#1562,#1938,.T.);
#1223=EDGE_CURVE('',#1563,#1562,#1939,.T.);
#1224=EDGE_CURVE('',#1560,#1563,#1940,.T.);
#1225=EDGE_CURVE('',#1564,#1562,#1941,.T.);
#1226=EDGE_CURVE('',#1565,#1564,#1942,.T.);
#1227=EDGE_CURVE('',#1565,#1563,#1943,.T.);
#1228=EDGE_CURVE('',#1558,#1564,#1944,.T.);
#1229=EDGE_CURVE('',#1561,#1565,#1945,.T.);
#1230=EDGE_CURVE('',#1566,#1567,#1946,.T.);
#1231=EDGE_CURVE('',#1568,#1567,#1947,.T.);
#1232=EDGE_CURVE('',#1569,#1568,#1948,.T.);
#1233=EDGE_CURVE('',#1569,#1566,#1949,.T.);
#1234=EDGE_CURVE('',#1567,#1570,#1950,.T.);
#1235=EDGE_CURVE('',#1571,#1570,#1951,.T.);
#1236=EDGE_CURVE('',#1568,#1571,#1952,.T.);
#1237=EDGE_CURVE('',#1572,#1570,#1953,.T.);
#1238=EDGE_CURVE('',#1573,#1572,#1954,.T.);
#1239=EDGE_CURVE('',#1573,#1571,#1955,.T.);
#1240=EDGE_CURVE('',#1566,#1572,#1956,.T.);
#1241=EDGE_CURVE('',#1569,#1573,#1957,.T.);
#1242=EDGE_CURVE('',#1574,#1575,#1958,.T.);
#1243=EDGE_CURVE('',#1576,#1575,#1959,.T.);
#1244=EDGE_CURVE('',#1577,#1576,#1960,.T.);
#1245=EDGE_CURVE('',#1577,#1574,#1961,.T.);
#1246=EDGE_CURVE('',#1575,#1578,#1962,.T.);
#1247=EDGE_CURVE('',#1579,#1578,#1963,.T.);
#1248=EDGE_CURVE('',#1576,#1579,#1964,.T.);
#1249=EDGE_CURVE('',#1580,#1578,#1965,.T.);
#1250=EDGE_CURVE('',#1581,#1580,#1966,.T.);
#1251=EDGE_CURVE('',#1581,#1579,#1967,.T.);
#1252=EDGE_CURVE('',#1574,#1580,#1968,.T.);
#1253=EDGE_CURVE('',#1577,#1581,#1969,.T.);
#1254=EDGE_CURVE('',#1582,#1583,#1970,.T.);
#1255=EDGE_CURVE('',#1584,#1583,#1971,.T.);
#1256=EDGE_CURVE('',#1585,#1584,#1972,.T.);
#1257=EDGE_CURVE('',#1585,#1582,#1973,.T.);
#1258=EDGE_CURVE('',#1583,#1586,#1974,.T.);
#1259=EDGE_CURVE('',#1587,#1586,#1975,.T.);
#1260=EDGE_CURVE('',#1584,#1587,#1976,.T.);
#1261=EDGE_CURVE('',#1588,#1586,#1977,.T.);
#1262=EDGE_CURVE('',#1589,#1588,#1978,.T.);
#1263=EDGE_CURVE('',#1589,#1587,#1979,.T.);
#1264=EDGE_CURVE('',#1582,#1588,#1980,.T.);
#1265=EDGE_CURVE('',#1585,#1589,#1981,.T.);
#1266=EDGE_CURVE('',#1590,#1591,#1982,.T.);
#1267=EDGE_CURVE('',#1592,#1591,#1983,.T.);
#1268=EDGE_CURVE('',#1593,#1592,#1984,.T.);
#1269=EDGE_CURVE('',#1593,#1590,#1985,.T.);
#1270=EDGE_CURVE('',#1591,#1594,#1986,.T.);
#1271=EDGE_CURVE('',#1595,#1594,#1987,.T.);
#1272=EDGE_CURVE('',#1592,#1595,#1988,.T.);
#1273=EDGE_CURVE('',#1596,#1594,#1989,.T.);
#1274=EDGE_CURVE('',#1597,#1596,#1990,.T.);
#1275=EDGE_CURVE('',#1597,#1595,#1991,.T.);
#1276=EDGE_CURVE('',#1590,#1596,#1992,.T.);
#1277=EDGE_CURVE('',#1593,#1597,#1993,.T.);
#1278=EDGE_CURVE('',#1598,#1599,#1994,.T.);
#1279=EDGE_CURVE('',#1600,#1599,#1995,.T.);
#1280=EDGE_CURVE('',#1601,#1600,#1996,.T.);
#1281=EDGE_CURVE('',#1601,#1598,#1997,.T.);
#1282=EDGE_CURVE('',#1599,#1602,#1998,.T.);
#1283=EDGE_CURVE('',#1603,#1602,#1999,.T.);
#1284=EDGE_CURVE('',#1600,#1603,#2000,.T.);
#1285=EDGE_CURVE('',#1604,#1602,#2001,.T.);
#1286=EDGE_CURVE('',#1605,#1604,#2002,.T.);
#1287=EDGE_CURVE('',#1605,#1603,#2003,.T.);
#1288=EDGE_CURVE('',#1598,#1604,#2004,.T.);
#1289=EDGE_CURVE('',#1601,#1605,#2005,.T.);
#1290=EDGE_CURVE('',#1606,#1418,#2006,.T.);
#1291=EDGE_CURVE('',#1606,#1607,#2007,.T.);
#1292=EDGE_CURVE('',#1608,#1607,#2008,.T.);
#1293=EDGE_CURVE('',#1609,#1608,#2009,.T.);
#1294=EDGE_CURVE('',#1343,#1609,#2010,.T.);
#1295=EDGE_CURVE('',#1345,#1443,#2011,.T.);
#1296=EDGE_CURVE('',#1610,#1442,#2012,.T.);
#1297=EDGE_CURVE('',#1610,#1611,#2013,.T.);
#1298=EDGE_CURVE('',#1611,#1439,#2014,.T.);
#1299=EDGE_CURVE('',#1612,#1438,#2015,.T.);
#1300=EDGE_CURVE('',#1612,#1613,#2016,.T.);
#1301=EDGE_CURVE('',#1613,#1435,#2017,.T.);
#1302=EDGE_CURVE('',#1614,#1434,#2018,.T.);
#1303=EDGE_CURVE('',#1614,#1615,#2019,.T.);
#1304=EDGE_CURVE('',#1616,#1615,#2020,.T.);
#1305=EDGE_CURVE('',#1617,#1616,#2021,.T.);
#1306=EDGE_CURVE('',#1339,#1617,#2022,.T.);
#1307=EDGE_CURVE('',#1341,#1432,#2023,.T.);
#1308=EDGE_CURVE('',#1618,#1619,#2024,.T.);
#1309=EDGE_CURVE('',#1618,#1421,#2025,.T.);
#1310=EDGE_CURVE('',#1340,#1433,#2026,.T.);
#1311=EDGE_CURVE('',#1338,#1620,#2027,.T.);
#1312=EDGE_CURVE('',#1620,#1621,#2028,.T.);
#1313=EDGE_CURVE('',#1621,#1622,#2029,.T.);
#1314=EDGE_CURVE('',#1623,#1622,#2030,.T.);
#1315=EDGE_CURVE('',#1623,#1437,#2031,.T.);
#1316=EDGE_CURVE('',#1624,#1436,#2032,.T.);
#1317=EDGE_CURVE('',#1625,#1624,#2033,.T.);
#1318=EDGE_CURVE('',#1625,#1441,#2034,.T.);
#1319=EDGE_CURVE('',#1626,#1440,#2035,.T.);
#1320=EDGE_CURVE('',#1627,#1626,#2036,.T.);
#1321=EDGE_CURVE('',#1627,#1445,#2037,.T.);
#1322=EDGE_CURVE('',#1344,#1444,#2038,.T.);
#1323=EDGE_CURVE('',#1342,#1628,#2039,.T.);
#1324=EDGE_CURVE('',#1628,#1629,#2040,.T.);
#1325=EDGE_CURVE('',#1629,#1619,#2041,.T.);
#1326=EDGE_CURVE('',#1624,#1613,#2042,.T.);
#1327=EDGE_CURVE('',#1626,#1611,#2043,.T.);
#1328=EDGE_CURVE('',#1623,#1614,#2044,.T.);
#1329=EDGE_CURVE('',#1625,#1612,#2045,.T.);
#1330=EDGE_CURVE('',#1627,#1610,#2046,.T.);
#1331=EDGE_CURVE('',#1618,#1606,#2047,.T.);
#1332=EDGE_CURVE('',#1622,#1615,#2048,.T.);
#1333=EDGE_CURVE('',#1619,#1607,#2049,.T.);
#1334=EDGE_CURVE('',#1628,#1609,#2050,.T.);
#1335=EDGE_CURVE('',#1629,#1608,#2051,.T.);
#1336=EDGE_CURVE('',#1620,#1617,#2052,.T.);
#1337=EDGE_CURVE('',#1621,#1616,#2053,.T.);
#1338=VERTEX_POINT('',#4114);
#1339=VERTEX_POINT('',#4115);
#1340=VERTEX_POINT('',#4117);
#1341=VERTEX_POINT('',#4119);
#1342=VERTEX_POINT('',#4123);
#1343=VERTEX_POINT('',#4124);
#1344=VERTEX_POINT('',#4126);
#1345=VERTEX_POINT('',#4128);
#1346=VERTEX_POINT('',#4132);
#1347=VERTEX_POINT('',#4134);
#1348=VERTEX_POINT('',#4137);
#1349=VERTEX_POINT('',#4138);
#1350=VERTEX_POINT('',#4140);
#1351=VERTEX_POINT('',#4142);
#1352=VERTEX_POINT('',#4149);
#1353=VERTEX_POINT('',#4151);
#1354=VERTEX_POINT('',#4154);
#1355=VERTEX_POINT('',#4155);
#1356=VERTEX_POINT('',#4157);
#1357=VERTEX_POINT('',#4159);
#1358=VERTEX_POINT('',#4163);
#1359=VERTEX_POINT('',#4165);
#1360=VERTEX_POINT('',#4169);
#1361=VERTEX_POINT('',#4171);
#1362=VERTEX_POINT('',#4178);
#1363=VERTEX_POINT('',#4179);
#1364=VERTEX_POINT('',#4181);
#1365=VERTEX_POINT('',#4183);
#1366=VERTEX_POINT('',#4187);
#1367=VERTEX_POINT('',#4189);
#1368=VERTEX_POINT('',#4193);
#1369=VERTEX_POINT('',#4195);
#1370=VERTEX_POINT('',#4202);
#1371=VERTEX_POINT('',#4203);
#1372=VERTEX_POINT('',#4205);
#1373=VERTEX_POINT('',#4207);
#1374=VERTEX_POINT('',#4211);
#1375=VERTEX_POINT('',#4213);
#1376=VERTEX_POINT('',#4217);
#1377=VERTEX_POINT('',#4219);
#1378=VERTEX_POINT('',#4226);
#1379=VERTEX_POINT('',#4227);
#1380=VERTEX_POINT('',#4229);
#1381=VERTEX_POINT('',#4231);
#1382=VERTEX_POINT('',#4235);
#1383=VERTEX_POINT('',#4237);
#1384=VERTEX_POINT('',#4241);
#1385=VERTEX_POINT('',#4243);
#1386=VERTEX_POINT('',#4250);
#1387=VERTEX_POINT('',#4251);
#1388=VERTEX_POINT('',#4253);
#1389=VERTEX_POINT('',#4255);
#1390=VERTEX_POINT('',#4259);
#1391=VERTEX_POINT('',#4261);
#1392=VERTEX_POINT('',#4265);
#1393=VERTEX_POINT('',#4267);
#1394=VERTEX_POINT('',#4274);
#1395=VERTEX_POINT('',#4275);
#1396=VERTEX_POINT('',#4277);
#1397=VERTEX_POINT('',#4279);
#1398=VERTEX_POINT('',#4283);
#1399=VERTEX_POINT('',#4285);
#1400=VERTEX_POINT('',#4289);
#1401=VERTEX_POINT('',#4291);
#1402=VERTEX_POINT('',#4298);
#1403=VERTEX_POINT('',#4299);
#1404=VERTEX_POINT('',#4301);
#1405=VERTEX_POINT('',#4303);
#1406=VERTEX_POINT('',#4307);
#1407=VERTEX_POINT('',#4309);
#1408=VERTEX_POINT('',#4313);
#1409=VERTEX_POINT('',#4315);
#1410=VERTEX_POINT('',#4322);
#1411=VERTEX_POINT('',#4323);
#1412=VERTEX_POINT('',#4325);
#1413=VERTEX_POINT('',#4327);
#1414=VERTEX_POINT('',#4331);
#1415=VERTEX_POINT('',#4333);
#1416=VERTEX_POINT('',#4337);
#1417=VERTEX_POINT('',#4339);
#1418=VERTEX_POINT('',#4346);
#1419=VERTEX_POINT('',#4347);
#1420=VERTEX_POINT('',#4349);
#1421=VERTEX_POINT('',#4351);
#1422=VERTEX_POINT('',#4355);
#1423=VERTEX_POINT('',#4357);
#1424=VERTEX_POINT('',#4361);
#1425=VERTEX_POINT('',#4363);
#1426=VERTEX_POINT('',#4367);
#1427=VERTEX_POINT('',#4369);
#1428=VERTEX_POINT('',#4373);
#1429=VERTEX_POINT('',#4375);
#1430=VERTEX_POINT('',#4379);
#1431=VERTEX_POINT('',#4381);
#1432=VERTEX_POINT('',#4385);
#1433=VERTEX_POINT('',#4387);
#1434=VERTEX_POINT('',#4391);
#1435=VERTEX_POINT('',#4392);
#1436=VERTEX_POINT('',#4394);
#1437=VERTEX_POINT('',#4396);
#1438=VERTEX_POINT('',#4400);
#1439=VERTEX_POINT('',#4401);
#1440=VERTEX_POINT('',#4403);
#1441=VERTEX_POINT('',#4405);
#1442=VERTEX_POINT('',#4409);
#1443=VERTEX_POINT('',#4410);
#1444=VERTEX_POINT('',#4412);
#1445=VERTEX_POINT('',#4414);
#1446=VERTEX_POINT('',#4418);
#1447=VERTEX_POINT('',#4419);
#1448=VERTEX_POINT('',#4421);
#1449=VERTEX_POINT('',#4423);
#1450=VERTEX_POINT('',#4427);
#1451=VERTEX_POINT('',#4429);
#1452=VERTEX_POINT('',#4433);
#1453=VERTEX_POINT('',#4435);
#1454=VERTEX_POINT('',#4442);
#1455=VERTEX_POINT('',#4443);
#1456=VERTEX_POINT('',#4445);
#1457=VERTEX_POINT('',#4447);
#1458=VERTEX_POINT('',#4451);
#1459=VERTEX_POINT('',#4453);
#1460=VERTEX_POINT('',#4457);
#1461=VERTEX_POINT('',#4459);
#1462=VERTEX_POINT('',#4466);
#1463=VERTEX_POINT('',#4467);
#1464=VERTEX_POINT('',#4469);
#1465=VERTEX_POINT('',#4471);
#1466=VERTEX_POINT('',#4475);
#1467=VERTEX_POINT('',#4477);
#1468=VERTEX_POINT('',#4481);
#1469=VERTEX_POINT('',#4483);
#1470=VERTEX_POINT('',#4490);
#1471=VERTEX_POINT('',#4491);
#1472=VERTEX_POINT('',#4493);
#1473=VERTEX_POINT('',#4495);
#1474=VERTEX_POINT('',#4499);
#1475=VERTEX_POINT('',#4501);
#1476=VERTEX_POINT('',#4505);
#1477=VERTEX_POINT('',#4507);
#1478=VERTEX_POINT('',#4514);
#1479=VERTEX_POINT('',#4515);
#1480=VERTEX_POINT('',#4517);
#1481=VERTEX_POINT('',#4519);
#1482=VERTEX_POINT('',#4523);
#1483=VERTEX_POINT('',#4525);
#1484=VERTEX_POINT('',#4529);
#1485=VERTEX_POINT('',#4531);
#1486=VERTEX_POINT('',#4538);
#1487=VERTEX_POINT('',#4539);
#1488=VERTEX_POINT('',#4541);
#1489=VERTEX_POINT('',#4543);
#1490=VERTEX_POINT('',#4547);
#1491=VERTEX_POINT('',#4549);
#1492=VERTEX_POINT('',#4553);
#1493=VERTEX_POINT('',#4555);
#1494=VERTEX_POINT('',#4562);
#1495=VERTEX_POINT('',#4563);
#1496=VERTEX_POINT('',#4565);
#1497=VERTEX_POINT('',#4567);
#1498=VERTEX_POINT('',#4571);
#1499=VERTEX_POINT('',#4573);
#1500=VERTEX_POINT('',#4577);
#1501=VERTEX_POINT('',#4579);
#1502=VERTEX_POINT('',#4586);
#1503=VERTEX_POINT('',#4587);
#1504=VERTEX_POINT('',#4589);
#1505=VERTEX_POINT('',#4591);
#1506=VERTEX_POINT('',#4595);
#1507=VERTEX_POINT('',#4597);
#1508=VERTEX_POINT('',#4601);
#1509=VERTEX_POINT('',#4603);
#1510=VERTEX_POINT('',#4610);
#1511=VERTEX_POINT('',#4611);
#1512=VERTEX_POINT('',#4613);
#1513=VERTEX_POINT('',#4615);
#1514=VERTEX_POINT('',#4619);
#1515=VERTEX_POINT('',#4621);
#1516=VERTEX_POINT('',#4625);
#1517=VERTEX_POINT('',#4627);
#1518=VERTEX_POINT('',#4634);
#1519=VERTEX_POINT('',#4635);
#1520=VERTEX_POINT('',#4637);
#1521=VERTEX_POINT('',#4639);
#1522=VERTEX_POINT('',#4643);
#1523=VERTEX_POINT('',#4645);
#1524=VERTEX_POINT('',#4649);
#1525=VERTEX_POINT('',#4651);
#1526=VERTEX_POINT('',#4658);
#1527=VERTEX_POINT('',#4659);
#1528=VERTEX_POINT('',#4661);
#1529=VERTEX_POINT('',#4663);
#1530=VERTEX_POINT('',#4667);
#1531=VERTEX_POINT('',#4669);
#1532=VERTEX_POINT('',#4673);
#1533=VERTEX_POINT('',#4675);
#1534=VERTEX_POINT('',#4682);
#1535=VERTEX_POINT('',#4683);
#1536=VERTEX_POINT('',#4685);
#1537=VERTEX_POINT('',#4687);
#1538=VERTEX_POINT('',#4691);
#1539=VERTEX_POINT('',#4693);
#1540=VERTEX_POINT('',#4697);
#1541=VERTEX_POINT('',#4699);
#1542=VERTEX_POINT('',#4706);
#1543=VERTEX_POINT('',#4707);
#1544=VERTEX_POINT('',#4709);
#1545=VERTEX_POINT('',#4711);
#1546=VERTEX_POINT('',#4715);
#1547=VERTEX_POINT('',#4717);
#1548=VERTEX_POINT('',#4721);
#1549=VERTEX_POINT('',#4723);
#1550=VERTEX_POINT('',#4730);
#1551=VERTEX_POINT('',#4731);
#1552=VERTEX_POINT('',#4733);
#1553=VERTEX_POINT('',#4735);
#1554=VERTEX_POINT('',#4739);
#1555=VERTEX_POINT('',#4741);
#1556=VERTEX_POINT('',#4745);
#1557=VERTEX_POINT('',#4747);
#1558=VERTEX_POINT('',#4754);
#1559=VERTEX_POINT('',#4755);
#1560=VERTEX_POINT('',#4757);
#1561=VERTEX_POINT('',#4759);
#1562=VERTEX_POINT('',#4763);
#1563=VERTEX_POINT('',#4765);
#1564=VERTEX_POINT('',#4769);
#1565=VERTEX_POINT('',#4771);
#1566=VERTEX_POINT('',#4778);
#1567=VERTEX_POINT('',#4779);
#1568=VERTEX_POINT('',#4781);
#1569=VERTEX_POINT('',#4783);
#1570=VERTEX_POINT('',#4787);
#1571=VERTEX_POINT('',#4789);
#1572=VERTEX_POINT('',#4793);
#1573=VERTEX_POINT('',#4795);
#1574=VERTEX_POINT('',#4802);
#1575=VERTEX_POINT('',#4803);
#1576=VERTEX_POINT('',#4805);
#1577=VERTEX_POINT('',#4807);
#1578=VERTEX_POINT('',#4811);
#1579=VERTEX_POINT('',#4813);
#1580=VERTEX_POINT('',#4817);
#1581=VERTEX_POINT('',#4819);
#1582=VERTEX_POINT('',#4826);
#1583=VERTEX_POINT('',#4827);
#1584=VERTEX_POINT('',#4829);
#1585=VERTEX_POINT('',#4831);
#1586=VERTEX_POINT('',#4835);
#1587=VERTEX_POINT('',#4837);
#1588=VERTEX_POINT('',#4841);
#1589=VERTEX_POINT('',#4843);
#1590=VERTEX_POINT('',#4850);
#1591=VERTEX_POINT('',#4851);
#1592=VERTEX_POINT('',#4853);
#1593=VERTEX_POINT('',#4855);
#1594=VERTEX_POINT('',#4859);
#1595=VERTEX_POINT('',#4861);
#1596=VERTEX_POINT('',#4865);
#1597=VERTEX_POINT('',#4867);
#1598=VERTEX_POINT('',#4874);
#1599=VERTEX_POINT('',#4875);
#1600=VERTEX_POINT('',#4877);
#1601=VERTEX_POINT('',#4879);
#1602=VERTEX_POINT('',#4883);
#1603=VERTEX_POINT('',#4885);
#1604=VERTEX_POINT('',#4889);
#1605=VERTEX_POINT('',#4891);
#1606=VERTEX_POINT('',#4898);
#1607=VERTEX_POINT('',#4900);
#1608=VERTEX_POINT('',#4902);
#1609=VERTEX_POINT('',#4904);
#1610=VERTEX_POINT('',#4908);
#1611=VERTEX_POINT('',#4910);
#1612=VERTEX_POINT('',#4913);
#1613=VERTEX_POINT('',#4915);
#1614=VERTEX_POINT('',#4918);
#1615=VERTEX_POINT('',#4920);
#1616=VERTEX_POINT('',#4922);
#1617=VERTEX_POINT('',#4924);
#1618=VERTEX_POINT('',#4929);
#1619=VERTEX_POINT('',#4930);
#1620=VERTEX_POINT('',#4934);
#1621=VERTEX_POINT('',#4936);
#1622=VERTEX_POINT('',#4938);
#1623=VERTEX_POINT('',#4940);
#1624=VERTEX_POINT('',#4943);
#1625=VERTEX_POINT('',#4945);
#1626=VERTEX_POINT('',#4948);
#1627=VERTEX_POINT('',#4950);
#1628=VERTEX_POINT('',#4954);
#1629=VERTEX_POINT('',#4956);
#1630=LINE('',#4113,#2054);
#1631=LINE('',#4116,#2055);
#1632=LINE('',#4118,#2056);
#1633=LINE('',#4120,#2057);
#1634=LINE('',#4122,#2058);
#1635=LINE('',#4125,#2059);
#1636=LINE('',#4127,#2060);
#1637=LINE('',#4129,#2061);
#1638=LINE('',#4139,#2062);
#1639=LINE('',#4143,#2063);
#1640=LINE('',#4153,#2064);
#1641=LINE('',#4156,#2065);
#1642=LINE('',#4158,#2066);
#1643=LINE('',#4160,#2067);
#1644=LINE('',#4162,#2068);
#1645=LINE('',#4164,#2069);
#1646=LINE('',#4166,#2070);
#1647=LINE('',#4168,#2071);
#1648=LINE('',#4170,#2072);
#1649=LINE('',#4172,#2073);
#1650=LINE('',#4174,#2074);
#1651=LINE('',#4175,#2075);
#1652=LINE('',#4177,#2076);
#1653=LINE('',#4180,#2077);
#1654=LINE('',#4182,#2078);
#1655=LINE('',#4184,#2079);
#1656=LINE('',#4186,#2080);
#1657=LINE('',#4188,#2081);
#1658=LINE('',#4190,#2082);
#1659=LINE('',#4192,#2083);
#1660=LINE('',#4194,#2084);
#1661=LINE('',#4196,#2085);
#1662=LINE('',#4198,#2086);
#1663=LINE('',#4199,#2087);
#1664=LINE('',#4201,#2088);
#1665=LINE('',#4204,#2089);
#1666=LINE('',#4206,#2090);
#1667=LINE('',#4208,#2091);
#1668=LINE('',#4210,#2092);
#1669=LINE('',#4212,#2093);
#1670=LINE('',#4214,#2094);
#1671=LINE('',#4216,#2095);
#1672=LINE('',#4218,#2096);
#1673=LINE('',#4220,#2097);
#1674=LINE('',#4222,#2098);
#1675=LINE('',#4223,#2099);
#1676=LINE('',#4225,#2100);
#1677=LINE('',#4228,#2101);
#1678=LINE('',#4230,#2102);
#1679=LINE('',#4232,#2103);
#1680=LINE('',#4234,#2104);
#1681=LINE('',#4236,#2105);
#1682=LINE('',#4238,#2106);
#1683=LINE('',#4240,#2107);
#1684=LINE('',#4242,#2108);
#1685=LINE('',#4244,#2109);
#1686=LINE('',#4246,#2110);
#1687=LINE('',#4247,#2111);
#1688=LINE('',#4249,#2112);
#1689=LINE('',#4252,#2113);
#1690=LINE('',#4254,#2114);
#1691=LINE('',#4256,#2115);
#1692=LINE('',#4258,#2116);
#1693=LINE('',#4260,#2117);
#1694=LINE('',#4262,#2118);
#1695=LINE('',#4264,#2119);
#1696=LINE('',#4266,#2120);
#1697=LINE('',#4268,#2121);
#1698=LINE('',#4270,#2122);
#1699=LINE('',#4271,#2123);
#1700=LINE('',#4273,#2124);
#1701=LINE('',#4276,#2125);
#1702=LINE('',#4278,#2126);
#1703=LINE('',#4280,#2127);
#1704=LINE('',#4282,#2128);
#1705=LINE('',#4284,#2129);
#1706=LINE('',#4286,#2130);
#1707=LINE('',#4288,#2131);
#1708=LINE('',#4290,#2132);
#1709=LINE('',#4292,#2133);
#1710=LINE('',#4294,#2134);
#1711=LINE('',#4295,#2135);
#1712=LINE('',#4297,#2136);
#1713=LINE('',#4300,#2137);
#1714=LINE('',#4302,#2138);
#1715=LINE('',#4304,#2139);
#1716=LINE('',#4306,#2140);
#1717=LINE('',#4308,#2141);
#1718=LINE('',#4310,#2142);
#1719=LINE('',#4312,#2143);
#1720=LINE('',#4314,#2144);
#1721=LINE('',#4316,#2145);
#1722=LINE('',#4318,#2146);
#1723=LINE('',#4319,#2147);
#1724=LINE('',#4321,#2148);
#1725=LINE('',#4324,#2149);
#1726=LINE('',#4326,#2150);
#1727=LINE('',#4328,#2151);
#1728=LINE('',#4330,#2152);
#1729=LINE('',#4332,#2153);
#1730=LINE('',#4334,#2154);
#1731=LINE('',#4336,#2155);
#1732=LINE('',#4338,#2156);
#1733=LINE('',#4340,#2157);
#1734=LINE('',#4342,#2158);
#1735=LINE('',#4343,#2159);
#1736=LINE('',#4348,#2160);
#1737=LINE('',#4352,#2161);
#1738=LINE('',#4354,#2162);
#1739=LINE('',#4356,#2163);
#1740=LINE('',#4358,#2164);
#1741=LINE('',#4362,#2165);
#1742=LINE('',#4366,#2166);
#1743=LINE('',#4368,#2167);
#1744=LINE('',#4370,#2168);
#1745=LINE('',#4372,#2169);
#1746=LINE('',#4374,#2170);
#1747=LINE('',#4376,#2171);
#1748=LINE('',#4378,#2172);
#1749=LINE('',#4380,#2173);
#1750=LINE('',#4382,#2174);
#1751=LINE('',#4384,#2175);
#1752=LINE('',#4386,#2176);
#1753=LINE('',#4388,#2177);
#1754=LINE('',#4390,#2178);
#1755=LINE('',#4393,#2179);
#1756=LINE('',#4395,#2180);
#1757=LINE('',#4397,#2181);
#1758=LINE('',#4399,#2182);
#1759=LINE('',#4402,#2183);
#1760=LINE('',#4404,#2184);
#1761=LINE('',#4406,#2185);
#1762=LINE('',#4408,#2186);
#1763=LINE('',#4411,#2187);
#1764=LINE('',#4413,#2188);
#1765=LINE('',#4415,#2189);
#1766=LINE('',#4417,#2190);
#1767=LINE('',#4420,#2191);
#1768=LINE('',#4422,#2192);
#1769=LINE('',#4424,#2193);
#1770=LINE('',#4426,#2194);
#1771=LINE('',#4428,#2195);
#1772=LINE('',#4430,#2196);
#1773=LINE('',#4432,#2197);
#1774=LINE('',#4434,#2198);
#1775=LINE('',#4436,#2199);
#1776=LINE('',#4438,#2200);
#1777=LINE('',#4439,#2201);
#1778=LINE('',#4441,#2202);
#1779=LINE('',#4444,#2203);
#1780=LINE('',#4446,#2204);
#1781=LINE('',#4448,#2205);
#1782=LINE('',#4450,#2206);
#1783=LINE('',#4452,#2207);
#1784=LINE('',#4454,#2208);
#1785=LINE('',#4456,#2209);
#1786=LINE('',#4458,#2210);
#1787=LINE('',#4460,#2211);
#1788=LINE('',#4462,#2212);
#1789=LINE('',#4463,#2213);
#1790=LINE('',#4465,#2214);
#1791=LINE('',#4468,#2215);
#1792=LINE('',#4470,#2216);
#1793=LINE('',#4472,#2217);
#1794=LINE('',#4474,#2218);
#1795=LINE('',#4476,#2219);
#1796=LINE('',#4478,#2220);
#1797=LINE('',#4480,#2221);
#1798=LINE('',#4482,#2222);
#1799=LINE('',#4484,#2223);
#1800=LINE('',#4486,#2224);
#1801=LINE('',#4487,#2225);
#1802=LINE('',#4489,#2226);
#1803=LINE('',#4492,#2227);
#1804=LINE('',#4494,#2228);
#1805=LINE('',#4496,#2229);
#1806=LINE('',#4498,#2230);
#1807=LINE('',#4500,#2231);
#1808=LINE('',#4502,#2232);
#1809=LINE('',#4504,#2233);
#1810=LINE('',#4506,#2234);
#1811=LINE('',#4508,#2235);
#1812=LINE('',#4510,#2236);
#1813=LINE('',#4511,#2237);
#1814=LINE('',#4513,#2238);
#1815=LINE('',#4516,#2239);
#1816=LINE('',#4518,#2240);
#1817=LINE('',#4520,#2241);
#1818=LINE('',#4522,#2242);
#1819=LINE('',#4524,#2243);
#1820=LINE('',#4526,#2244);
#1821=LINE('',#4528,#2245);
#1822=LINE('',#4530,#2246);
#1823=LINE('',#4532,#2247);
#1824=LINE('',#4534,#2248);
#1825=LINE('',#4535,#2249);
#1826=LINE('',#4537,#2250);
#1827=LINE('',#4540,#2251);
#1828=LINE('',#4542,#2252);
#1829=LINE('',#4544,#2253);
#1830=LINE('',#4546,#2254);
#1831=LINE('',#4548,#2255);
#1832=LINE('',#4550,#2256);
#1833=LINE('',#4552,#2257);
#1834=LINE('',#4554,#2258);
#1835=LINE('',#4556,#2259);
#1836=LINE('',#4558,#2260);
#1837=LINE('',#4559,#2261);
#1838=LINE('',#4561,#2262);
#1839=LINE('',#4564,#2263);
#1840=LINE('',#4566,#2264);
#1841=LINE('',#4568,#2265);
#1842=LINE('',#4570,#2266);
#1843=LINE('',#4572,#2267);
#1844=LINE('',#4574,#2268);
#1845=LINE('',#4576,#2269);
#1846=LINE('',#4578,#2270);
#1847=LINE('',#4580,#2271);
#1848=LINE('',#4582,#2272);
#1849=LINE('',#4583,#2273);
#1850=LINE('',#4585,#2274);
#1851=LINE('',#4588,#2275);
#1852=LINE('',#4590,#2276);
#1853=LINE('',#4592,#2277);
#1854=LINE('',#4594,#2278);
#1855=LINE('',#4596,#2279);
#1856=LINE('',#4598,#2280);
#1857=LINE('',#4600,#2281);
#1858=LINE('',#4602,#2282);
#1859=LINE('',#4604,#2283);
#1860=LINE('',#4606,#2284);
#1861=LINE('',#4607,#2285);
#1862=LINE('',#4609,#2286);
#1863=LINE('',#4612,#2287);
#1864=LINE('',#4614,#2288);
#1865=LINE('',#4616,#2289);
#1866=LINE('',#4618,#2290);
#1867=LINE('',#4620,#2291);
#1868=LINE('',#4622,#2292);
#1869=LINE('',#4624,#2293);
#1870=LINE('',#4626,#2294);
#1871=LINE('',#4628,#2295);
#1872=LINE('',#4630,#2296);
#1873=LINE('',#4631,#2297);
#1874=LINE('',#4633,#2298);
#1875=LINE('',#4636,#2299);
#1876=LINE('',#4638,#2300);
#1877=LINE('',#4640,#2301);
#1878=LINE('',#4642,#2302);
#1879=LINE('',#4644,#2303);
#1880=LINE('',#4646,#2304);
#1881=LINE('',#4648,#2305);
#1882=LINE('',#4650,#2306);
#1883=LINE('',#4652,#2307);
#1884=LINE('',#4654,#2308);
#1885=LINE('',#4655,#2309);
#1886=LINE('',#4657,#2310);
#1887=LINE('',#4660,#2311);
#1888=LINE('',#4662,#2312);
#1889=LINE('',#4664,#2313);
#1890=LINE('',#4666,#2314);
#1891=LINE('',#4668,#2315);
#1892=LINE('',#4670,#2316);
#1893=LINE('',#4672,#2317);
#1894=LINE('',#4674,#2318);
#1895=LINE('',#4676,#2319);
#1896=LINE('',#4678,#2320);
#1897=LINE('',#4679,#2321);
#1898=LINE('',#4681,#2322);
#1899=LINE('',#4684,#2323);
#1900=LINE('',#4686,#2324);
#1901=LINE('',#4688,#2325);
#1902=LINE('',#4690,#2326);
#1903=LINE('',#4692,#2327);
#1904=LINE('',#4694,#2328);
#1905=LINE('',#4696,#2329);
#1906=LINE('',#4698,#2330);
#1907=LINE('',#4700,#2331);
#1908=LINE('',#4702,#2332);
#1909=LINE('',#4703,#2333);
#1910=LINE('',#4705,#2334);
#1911=LINE('',#4708,#2335);
#1912=LINE('',#4710,#2336);
#1913=LINE('',#4712,#2337);
#1914=LINE('',#4714,#2338);
#1915=LINE('',#4716,#2339);
#1916=LINE('',#4718,#2340);
#1917=LINE('',#4720,#2341);
#1918=LINE('',#4722,#2342);
#1919=LINE('',#4724,#2343);
#1920=LINE('',#4726,#2344);
#1921=LINE('',#4727,#2345);
#1922=LINE('',#4729,#2346);
#1923=LINE('',#4732,#2347);
#1924=LINE('',#4734,#2348);
#1925=LINE('',#4736,#2349);
#1926=LINE('',#4738,#2350);
#1927=LINE('',#4740,#2351);
#1928=LINE('',#4742,#2352);
#1929=LINE('',#4744,#2353);
#1930=LINE('',#4746,#2354);
#1931=LINE('',#4748,#2355);
#1932=LINE('',#4750,#2356);
#1933=LINE('',#4751,#2357);
#1934=LINE('',#4753,#2358);
#1935=LINE('',#4756,#2359);
#1936=LINE('',#4758,#2360);
#1937=LINE('',#4760,#2361);
#1938=LINE('',#4762,#2362);
#1939=LINE('',#4764,#2363);
#1940=LINE('',#4766,#2364);
#1941=LINE('',#4768,#2365);
#1942=LINE('',#4770,#2366);
#1943=LINE('',#4772,#2367);
#1944=LINE('',#4774,#2368);
#1945=LINE('',#4775,#2369);
#1946=LINE('',#4777,#2370);
#1947=LINE('',#4780,#2371);
#1948=LINE('',#4782,#2372);
#1949=LINE('',#4784,#2373);
#1950=LINE('',#4786,#2374);
#1951=LINE('',#4788,#2375);
#1952=LINE('',#4790,#2376);
#1953=LINE('',#4792,#2377);
#1954=LINE('',#4794,#2378);
#1955=LINE('',#4796,#2379);
#1956=LINE('',#4798,#2380);
#1957=LINE('',#4799,#2381);
#1958=LINE('',#4801,#2382);
#1959=LINE('',#4804,#2383);
#1960=LINE('',#4806,#2384);
#1961=LINE('',#4808,#2385);
#1962=LINE('',#4810,#2386);
#1963=LINE('',#4812,#2387);
#1964=LINE('',#4814,#2388);
#1965=LINE('',#4816,#2389);
#1966=LINE('',#4818,#2390);
#1967=LINE('',#4820,#2391);
#1968=LINE('',#4822,#2392);
#1969=LINE('',#4823,#2393);
#1970=LINE('',#4825,#2394);
#1971=LINE('',#4828,#2395);
#1972=LINE('',#4830,#2396);
#1973=LINE('',#4832,#2397);
#1974=LINE('',#4834,#2398);
#1975=LINE('',#4836,#2399);
#1976=LINE('',#4838,#2400);
#1977=LINE('',#4840,#2401);
#1978=LINE('',#4842,#2402);
#1979=LINE('',#4844,#2403);
#1980=LINE('',#4846,#2404);
#1981=LINE('',#4847,#2405);
#1982=LINE('',#4849,#2406);
#1983=LINE('',#4852,#2407);
#1984=LINE('',#4854,#2408);
#1985=LINE('',#4856,#2409);
#1986=LINE('',#4858,#2410);
#1987=LINE('',#4860,#2411);
#1988=LINE('',#4862,#2412);
#1989=LINE('',#4864,#2413);
#1990=LINE('',#4866,#2414);
#1991=LINE('',#4868,#2415);
#1992=LINE('',#4870,#2416);
#1993=LINE('',#4871,#2417);
#1994=LINE('',#4873,#2418);
#1995=LINE('',#4876,#2419);
#1996=LINE('',#4878,#2420);
#1997=LINE('',#4880,#2421);
#1998=LINE('',#4882,#2422);
#1999=LINE('',#4884,#2423);
#2000=LINE('',#4886,#2424);
#2001=LINE('',#4888,#2425);
#2002=LINE('',#4890,#2426);
#2003=LINE('',#4892,#2427);
#2004=LINE('',#4894,#2428);
#2005=LINE('',#4895,#2429);
#2006=LINE('',#4897,#2430);
#2007=LINE('',#4899,#2431);
#2008=LINE('',#4901,#2432);
#2009=LINE('',#4903,#2433);
#2010=LINE('',#4905,#2434);
#2011=LINE('',#4906,#2435);
#2012=LINE('',#4907,#2436);
#2013=LINE('',#4909,#2437);
#2014=LINE('',#4911,#2438);
#2015=LINE('',#4912,#2439);
#2016=LINE('',#4914,#2440);
#2017=LINE('',#4916,#2441);
#2018=LINE('',#4917,#2442);
#2019=LINE('',#4919,#2443);
#2020=LINE('',#4921,#2444);
#2021=LINE('',#4923,#2445);
#2022=LINE('',#4925,#2446);
#2023=LINE('',#4926,#2447);
#2024=LINE('',#4928,#2448);
#2025=LINE('',#4931,#2449);
#2026=LINE('',#4932,#2450);
#2027=LINE('',#4933,#2451);
#2028=LINE('',#4935,#2452);
#2029=LINE('',#4937,#2453);
#2030=LINE('',#4939,#2454);
#2031=LINE('',#4941,#2455);
#2032=LINE('',#4942,#2456);
#2033=LINE('',#4944,#2457);
#2034=LINE('',#4946,#2458);
#2035=LINE('',#4947,#2459);
#2036=LINE('',#4949,#2460);
#2037=LINE('',#4951,#2461);
#2038=LINE('',#4952,#2462);
#2039=LINE('',#4953,#2463);
#2040=LINE('',#4955,#2464);
#2041=LINE('',#4957,#2465);
#2042=LINE('',#4959,#2466);
#2043=LINE('',#4961,#2467);
#2044=LINE('',#4964,#2468);
#2045=LINE('',#4966,#2469);
#2046=LINE('',#4968,#2470);
#2047=LINE('',#4970,#2471);
#2048=LINE('',#4973,#2472);
#2049=LINE('',#4977,#2473);
#2050=LINE('',#4979,#2474);
#2051=LINE('',#4981,#2475);
#2052=LINE('',#4984,#2476);
#2053=LINE('',#4986,#2477);
#2054=VECTOR('',#3369,1.);
#2055=VECTOR('',#3370,1.);
#2056=VECTOR('',#3371,1.);
#2057=VECTOR('',#3372,1.);
#2058=VECTOR('',#3375,1.);
#2059=VECTOR('',#3376,1.);
#2060=VECTOR('',#3377,1.);
#2061=VECTOR('',#3378,1.);
#2062=VECTOR('',#3389,1.);
#2063=VECTOR('',#3392,1.);
#2064=VECTOR('',#3407,1.);
#2065=VECTOR('',#3408,1.);
#2066=VECTOR('',#3409,1.);
#2067=VECTOR('',#3410,1.);
#2068=VECTOR('',#3413,1.);
#2069=VECTOR('',#3414,1.);
#2070=VECTOR('',#3415,1.);
#2071=VECTOR('',#3418,1.);
#2072=VECTOR('',#3419,1.);
#2073=VECTOR('',#3420,1.);
#2074=VECTOR('',#3423,1.);
#2075=VECTOR('',#3424,1.);
#2076=VECTOR('',#3427,1.);
#2077=VECTOR('',#3428,1.);
#2078=VECTOR('',#3429,1.);
#2079=VECTOR('',#3430,1.);
#2080=VECTOR('',#3433,1.);
#2081=VECTOR('',#3434,1.);
#2082=VECTOR('',#3435,1.);
#2083=VECTOR('',#3438,1.);
#2084=VECTOR('',#3439,1.);
#2085=VECTOR('',#3440,1.);
#2086=VECTOR('',#3443,1.);
#2087=VECTOR('',#3444,1.);
#2088=VECTOR('',#3447,1.);
#2089=VECTOR('',#3448,1.);
#2090=VECTOR('',#3449,1.);
#2091=VECTOR('',#3450,1.);
#2092=VECTOR('',#3453,1.);
#2093=VECTOR('',#3454,1.);
#2094=VECTOR('',#3455,1.);
#2095=VECTOR('',#3458,1.);
#2096=VECTOR('',#3459,1.);
#2097=VECTOR('',#3460,1.);
#2098=VECTOR('',#3463,1.);
#2099=VECTOR('',#3464,1.);
#2100=VECTOR('',#3467,1.);
#2101=VECTOR('',#3468,1.);
#2102=VECTOR('',#3469,1.);
#2103=VECTOR('',#3470,1.);
#2104=VECTOR('',#3473,1.);
#2105=VECTOR('',#3474,1.);
#2106=VECTOR('',#3475,1.);
#2107=VECTOR('',#3478,1.);
#2108=VECTOR('',#3479,1.);
#2109=VECTOR('',#3480,1.);
#2110=VECTOR('',#3483,1.);
#2111=VECTOR('',#3484,1.);
#2112=VECTOR('',#3487,1.);
#2113=VECTOR('',#3488,1.);
#2114=VECTOR('',#3489,1.);
#2115=VECTOR('',#3490,1.);
#2116=VECTOR('',#3493,1.);
#2117=VECTOR('',#3494,1.);
#2118=VECTOR('',#3495,1.);
#2119=VECTOR('',#3498,1.);
#2120=VECTOR('',#3499,1.);
#2121=VECTOR('',#3500,1.);
#2122=VECTOR('',#3503,1.);
#2123=VECTOR('',#3504,1.);
#2124=VECTOR('',#3507,1.);
#2125=VECTOR('',#3508,1.);
#2126=VECTOR('',#3509,1.);
#2127=VECTOR('',#3510,1.);
#2128=VECTOR('',#3513,1.);
#2129=VECTOR('',#3514,1.);
#2130=VECTOR('',#3515,1.);
#2131=VECTOR('',#3518,1.);
#2132=VECTOR('',#3519,1.);
#2133=VECTOR('',#3520,1.);
#2134=VECTOR('',#3523,1.);
#2135=VECTOR('',#3524,1.);
#2136=VECTOR('',#3527,1.);
#2137=VECTOR('',#3528,1.);
#2138=VECTOR('',#3529,1.);
#2139=VECTOR('',#3530,1.);
#2140=VECTOR('',#3533,1.);
#2141=VECTOR('',#3534,1.);
#2142=VECTOR('',#3535,1.);
#2143=VECTOR('',#3538,1.);
#2144=VECTOR('',#3539,1.);
#2145=VECTOR('',#3540,1.);
#2146=VECTOR('',#3543,1.);
#2147=VECTOR('',#3544,1.);
#2148=VECTOR('',#3547,1.);
#2149=VECTOR('',#3548,1.);
#2150=VECTOR('',#3549,1.);
#2151=VECTOR('',#3550,1.);
#2152=VECTOR('',#3553,1.);
#2153=VECTOR('',#3554,1.);
#2154=VECTOR('',#3555,1.);
#2155=VECTOR('',#3558,1.);
#2156=VECTOR('',#3559,1.);
#2157=VECTOR('',#3560,1.);
#2158=VECTOR('',#3563,1.);
#2159=VECTOR('',#3564,1.);
#2160=VECTOR('',#3569,1.);
#2161=VECTOR('',#3572,1.);
#2162=VECTOR('',#3575,1.);
#2163=VECTOR('',#3576,1.);
#2164=VECTOR('',#3577,1.);
#2165=VECTOR('',#3582,1.);
#2166=VECTOR('',#3587,1.);
#2167=VECTOR('',#3588,1.);
#2168=VECTOR('',#3589,1.);
#2169=VECTOR('',#3592,1.);
#2170=VECTOR('',#3593,1.);
#2171=VECTOR('',#3594,1.);
#2172=VECTOR('',#3597,1.);
#2173=VECTOR('',#3598,1.);
#2174=VECTOR('',#3599,1.);
#2175=VECTOR('',#3602,1.);
#2176=VECTOR('',#3603,1.);
#2177=VECTOR('',#3604,1.);
#2178=VECTOR('',#3607,1.);
#2179=VECTOR('',#3608,1.);
#2180=VECTOR('',#3609,1.);
#2181=VECTOR('',#3610,1.);
#2182=VECTOR('',#3613,1.);
#2183=VECTOR('',#3614,1.);
#2184=VECTOR('',#3615,1.);
#2185=VECTOR('',#3616,1.);
#2186=VECTOR('',#3619,1.);
#2187=VECTOR('',#3620,1.);
#2188=VECTOR('',#3621,1.);
#2189=VECTOR('',#3622,1.);
#2190=VECTOR('',#3625,1.);
#2191=VECTOR('',#3626,1.);
#2192=VECTOR('',#3627,1.);
#2193=VECTOR('',#3628,1.);
#2194=VECTOR('',#3631,1.);
#2195=VECTOR('',#3632,1.);
#2196=VECTOR('',#3633,1.);
#2197=VECTOR('',#3636,1.);
#2198=VECTOR('',#3637,1.);
#2199=VECTOR('',#3638,1.);
#2200=VECTOR('',#3641,1.);
#2201=VECTOR('',#3642,1.);
#2202=VECTOR('',#3645,1.);
#2203=VECTOR('',#3646,1.);
#2204=VECTOR('',#3647,1.);
#2205=VECTOR('',#3648,1.);
#2206=VECTOR('',#3651,1.);
#2207=VECTOR('',#3652,1.);
#2208=VECTOR('',#3653,1.);
#2209=VECTOR('',#3656,1.);
#2210=VECTOR('',#3657,1.);
#2211=VECTOR('',#3658,1.);
#2212=VECTOR('',#3661,1.);
#2213=VECTOR('',#3662,1.);
#2214=VECTOR('',#3665,1.);
#2215=VECTOR('',#3666,1.);
#2216=VECTOR('',#3667,1.);
#2217=VECTOR('',#3668,1.);
#2218=VECTOR('',#3671,1.);
#2219=VECTOR('',#3672,1.);
#2220=VECTOR('',#3673,1.);
#2221=VECTOR('',#3676,1.);
#2222=VECTOR('',#3677,1.);
#2223=VECTOR('',#3678,1.);
#2224=VECTOR('',#3681,1.);
#2225=VECTOR('',#3682,1.);
#2226=VECTOR('',#3685,1.);
#2227=VECTOR('',#3686,1.);
#2228=VECTOR('',#3687,1.);
#2229=VECTOR('',#3688,1.);
#2230=VECTOR('',#3691,1.);
#2231=VECTOR('',#3692,1.);
#2232=VECTOR('',#3693,1.);
#2233=VECTOR('',#3696,1.);
#2234=VECTOR('',#3697,1.);
#2235=VECTOR('',#3698,1.);
#2236=VECTOR('',#3701,1.);
#2237=VECTOR('',#3702,1.);
#2238=VECTOR('',#3705,1.);
#2239=VECTOR('',#3706,1.);
#2240=VECTOR('',#3707,1.);
#2241=VECTOR('',#3708,1.);
#2242=VECTOR('',#3711,1.);
#2243=VECTOR('',#3712,1.);
#2244=VECTOR('',#3713,1.);
#2245=VECTOR('',#3716,1.);
#2246=VECTOR('',#3717,1.);
#2247=VECTOR('',#3718,1.);
#2248=VECTOR('',#3721,1.);
#2249=VECTOR('',#3722,1.);
#2250=VECTOR('',#3725,1.);
#2251=VECTOR('',#3726,1.);
#2252=VECTOR('',#3727,1.);
#2253=VECTOR('',#3728,1.);
#2254=VECTOR('',#3731,1.);
#2255=VECTOR('',#3732,1.);
#2256=VECTOR('',#3733,1.);
#2257=VECTOR('',#3736,1.);
#2258=VECTOR('',#3737,1.);
#2259=VECTOR('',#3738,1.);
#2260=VECTOR('',#3741,1.);
#2261=VECTOR('',#3742,1.);
#2262=VECTOR('',#3745,1.);
#2263=VECTOR('',#3746,1.);
#2264=VECTOR('',#3747,1.);
#2265=VECTOR('',#3748,1.);
#2266=VECTOR('',#3751,1.);
#2267=VECTOR('',#3752,1.);
#2268=VECTOR('',#3753,1.);
#2269=VECTOR('',#3756,1.);
#2270=VECTOR('',#3757,1.);
#2271=VECTOR('',#3758,1.);
#2272=VECTOR('',#3761,1.);
#2273=VECTOR('',#3762,1.);
#2274=VECTOR('',#3765,1.);
#2275=VECTOR('',#3766,1.);
#2276=VECTOR('',#3767,1.);
#2277=VECTOR('',#3768,1.);
#2278=VECTOR('',#3771,1.);
#2279=VECTOR('',#3772,1.);
#2280=VECTOR('',#3773,1.);
#2281=VECTOR('',#3776,1.);
#2282=VECTOR('',#3777,1.);
#2283=VECTOR('',#3778,1.);
#2284=VECTOR('',#3781,1.);
#2285=VECTOR('',#3782,1.);
#2286=VECTOR('',#3785,1.);
#2287=VECTOR('',#3786,1.);
#2288=VECTOR('',#3787,1.);
#2289=VECTOR('',#3788,1.);
#2290=VECTOR('',#3791,1.);
#2291=VECTOR('',#3792,1.);
#2292=VECTOR('',#3793,1.);
#2293=VECTOR('',#3796,1.);
#2294=VECTOR('',#3797,1.);
#2295=VECTOR('',#3798,1.);
#2296=VECTOR('',#3801,1.);
#2297=VECTOR('',#3802,1.);
#2298=VECTOR('',#3805,1.);
#2299=VECTOR('',#3806,1.);
#2300=VECTOR('',#3807,1.);
#2301=VECTOR('',#3808,1.);
#2302=VECTOR('',#3811,1.);
#2303=VECTOR('',#3812,1.);
#2304=VECTOR('',#3813,1.);
#2305=VECTOR('',#3816,1.);
#2306=VECTOR('',#3817,1.);
#2307=VECTOR('',#3818,1.);
#2308=VECTOR('',#3821,1.);
#2309=VECTOR('',#3822,1.);
#2310=VECTOR('',#3825,1.);
#2311=VECTOR('',#3826,1.);
#2312=VECTOR('',#3827,1.);
#2313=VECTOR('',#3828,1.);
#2314=VECTOR('',#3831,1.);
#2315=VECTOR('',#3832,1.);
#2316=VECTOR('',#3833,1.);
#2317=VECTOR('',#3836,1.);
#2318=VECTOR('',#3837,1.);
#2319=VECTOR('',#3838,1.);
#2320=VECTOR('',#3841,1.);
#2321=VECTOR('',#3842,1.);
#2322=VECTOR('',#3845,1.);
#2323=VECTOR('',#3846,1.);
#2324=VECTOR('',#3847,1.);
#2325=VECTOR('',#3848,1.);
#2326=VECTOR('',#3851,1.);
#2327=VECTOR('',#3852,1.);
#2328=VECTOR('',#3853,1.);
#2329=VECTOR('',#3856,1.);
#2330=VECTOR('',#3857,1.);
#2331=VECTOR('',#3858,1.);
#2332=VECTOR('',#3861,1.);
#2333=VECTOR('',#3862,1.);
#2334=VECTOR('',#3865,1.);
#2335=VECTOR('',#3866,1.);
#2336=VECTOR('',#3867,1.);
#2337=VECTOR('',#3868,1.);
#2338=VECTOR('',#3871,1.);
#2339=VECTOR('',#3872,1.);
#2340=VECTOR('',#3873,1.);
#2341=VECTOR('',#3876,1.);
#2342=VECTOR('',#3877,1.);
#2343=VECTOR('',#3878,1.);
#2344=VECTOR('',#3881,1.);
#2345=VECTOR('',#3882,1.);
#2346=VECTOR('',#3885,1.);
#2347=VECTOR('',#3886,1.);
#2348=VECTOR('',#3887,1.);
#2349=VECTOR('',#3888,1.);
#2350=VECTOR('',#3891,1.);
#2351=VECTOR('',#3892,1.);
#2352=VECTOR('',#3893,1.);
#2353=VECTOR('',#3896,1.);
#2354=VECTOR('',#3897,1.);
#2355=VECTOR('',#3898,1.);
#2356=VECTOR('',#3901,1.);
#2357=VECTOR('',#3902,1.);
#2358=VECTOR('',#3905,1.);
#2359=VECTOR('',#3906,1.);
#2360=VECTOR('',#3907,1.);
#2361=VECTOR('',#3908,1.);
#2362=VECTOR('',#3911,1.);
#2363=VECTOR('',#3912,1.);
#2364=VECTOR('',#3913,1.);
#2365=VECTOR('',#3916,1.);
#2366=VECTOR('',#3917,1.);
#2367=VECTOR('',#3918,1.);
#2368=VECTOR('',#3921,1.);
#2369=VECTOR('',#3922,1.);
#2370=VECTOR('',#3925,1.);
#2371=VECTOR('',#3926,1.);
#2372=VECTOR('',#3927,1.);
#2373=VECTOR('',#3928,1.);
#2374=VECTOR('',#3931,1.);
#2375=VECTOR('',#3932,1.);
#2376=VECTOR('',#3933,1.);
#2377=VECTOR('',#3936,1.);
#2378=VECTOR('',#3937,1.);
#2379=VECTOR('',#3938,1.);
#2380=VECTOR('',#3941,1.);
#2381=VECTOR('',#3942,1.);
#2382=VECTOR('',#3945,1.);
#2383=VECTOR('',#3946,1.);
#2384=VECTOR('',#3947,1.);
#2385=VECTOR('',#3948,1.);
#2386=VECTOR('',#3951,1.);
#2387=VECTOR('',#3952,1.);
#2388=VECTOR('',#3953,1.);
#2389=VECTOR('',#3956,1.);
#2390=VECTOR('',#3957,1.);
#2391=VECTOR('',#3958,1.);
#2392=VECTOR('',#3961,1.);
#2393=VECTOR('',#3962,1.);
#2394=VECTOR('',#3965,1.);
#2395=VECTOR('',#3966,1.);
#2396=VECTOR('',#3967,1.);
#2397=VECTOR('',#3968,1.);
#2398=VECTOR('',#3971,1.);
#2399=VECTOR('',#3972,1.);
#2400=VECTOR('',#3973,1.);
#2401=VECTOR('',#3976,1.);
#2402=VECTOR('',#3977,1.);
#2403=VECTOR('',#3978,1.);
#2404=VECTOR('',#3981,1.);
#2405=VECTOR('',#3982,1.);
#2406=VECTOR('',#3985,1.);
#2407=VECTOR('',#3986,1.);
#2408=VECTOR('',#3987,1.);
#2409=VECTOR('',#3988,1.);
#2410=VECTOR('',#3991,1.);
#2411=VECTOR('',#3992,1.);
#2412=VECTOR('',#3993,1.);
#2413=VECTOR('',#3996,1.);
#2414=VECTOR('',#3997,1.);
#2415=VECTOR('',#3998,1.);
#2416=VECTOR('',#4001,1.);
#2417=VECTOR('',#4002,1.);
#2418=VECTOR('',#4005,1.);
#2419=VECTOR('',#4006,1.);
#2420=VECTOR('',#4007,1.);
#2421=VECTOR('',#4008,1.);
#2422=VECTOR('',#4011,1.);
#2423=VECTOR('',#4012,1.);
#2424=VECTOR('',#4013,1.);
#2425=VECTOR('',#4016,1.);
#2426=VECTOR('',#4017,1.);
#2427=VECTOR('',#4018,1.);
#2428=VECTOR('',#4021,1.);
#2429=VECTOR('',#4022,1.);
#2430=VECTOR('',#4025,1.);
#2431=VECTOR('',#4026,1.);
#2432=VECTOR('',#4027,1.);
#2433=VECTOR('',#4028,1.);
#2434=VECTOR('',#4029,1.);
#2435=VECTOR('',#4030,1.);
#2436=VECTOR('',#4031,1.);
#2437=VECTOR('',#4032,1.);
#2438=VECTOR('',#4033,1.);
#2439=VECTOR('',#4034,1.);
#2440=VECTOR('',#4035,1.);
#2441=VECTOR('',#4036,1.);
#2442=VECTOR('',#4037,1.);
#2443=VECTOR('',#4038,1.);
#2444=VECTOR('',#4039,1.);
#2445=VECTOR('',#4040,1.);
#2446=VECTOR('',#4041,1.);
#2447=VECTOR('',#4042,1.);
#2448=VECTOR('',#4045,1.);
#2449=VECTOR('',#4046,1.);
#2450=VECTOR('',#4047,1.);
#2451=VECTOR('',#4048,1.);
#2452=VECTOR('',#4049,1.);
#2453=VECTOR('',#4050,1.);
#2454=VECTOR('',#4051,1.);
#2455=VECTOR('',#4052,1.);
#2456=VECTOR('',#4053,1.);
#2457=VECTOR('',#4054,1.);
#2458=VECTOR('',#4055,1.);
#2459=VECTOR('',#4056,1.);
#2460=VECTOR('',#4057,1.);
#2461=VECTOR('',#4058,1.);
#2462=VECTOR('',#4059,1.);
#2463=VECTOR('',#4060,1.);
#2464=VECTOR('',#4061,1.);
#2465=VECTOR('',#4062,1.);
#2466=VECTOR('',#4065,1.);
#2467=VECTOR('',#4068,1.);
#2468=VECTOR('',#4073,1.);
#2469=VECTOR('',#4076,1.);
#2470=VECTOR('',#4079,1.);
#2471=VECTOR('',#4082,1.);
#2472=VECTOR('',#4087,1.);
#2473=VECTOR('',#4094,1.);
#2474=VECTOR('',#4097,1.);
#2475=VECTOR('',#4100,1.);
#2476=VECTOR('',#4105,1.);
#2477=VECTOR('',#4108,1.);
#2478=EDGE_LOOP('',(#30,#31,#32,#33));
#2479=EDGE_LOOP('',(#34,#35,#36,#37));
#2480=EDGE_LOOP('',(#38));
#2481=EDGE_LOOP('',(#39));
#2482=EDGE_LOOP('',(#40,#41,#42,#43));
#2483=EDGE_LOOP('',(#44,#45,#46,#47));
#2484=EDGE_LOOP('',(#48));
#2485=EDGE_LOOP('',(#49));
#2486=EDGE_LOOP('',(#50,#51,#52,#53));
#2487=EDGE_LOOP('',(#54,#55,#56,#57));
#2488=EDGE_LOOP('',(#58,#59,#60,#61));
#2489=EDGE_LOOP('',(#62,#63,#64,#65));
#2490=EDGE_LOOP('',(#66,#67,#68,#69));
#2491=EDGE_LOOP('',(#70,#71,#72,#73));
#2492=EDGE_LOOP('',(#74,#75,#76,#77));
#2493=EDGE_LOOP('',(#78,#79,#80,#81));
#2494=EDGE_LOOP('',(#82,#83,#84,#85));
#2495=EDGE_LOOP('',(#86,#87,#88,#89));
#2496=EDGE_LOOP('',(#90,#91,#92,#93));
#2497=EDGE_LOOP('',(#94,#95,#96,#97));
#2498=EDGE_LOOP('',(#98,#99,#100,#101));
#2499=EDGE_LOOP('',(#102,#103,#104,#105));
#2500=EDGE_LOOP('',(#106,#107,#108,#109));
#2501=EDGE_LOOP('',(#110,#111,#112,#113));
#2502=EDGE_LOOP('',(#114,#115,#116,#117));
#2503=EDGE_LOOP('',(#118,#119,#120,#121));
#2504=EDGE_LOOP('',(#122,#123,#124,#125));
#2505=EDGE_LOOP('',(#126,#127,#128,#129));
#2506=EDGE_LOOP('',(#130,#131,#132,#133));
#2507=EDGE_LOOP('',(#134,#135,#136,#137));
#2508=EDGE_LOOP('',(#138,#139,#140,#141));
#2509=EDGE_LOOP('',(#142,#143,#144,#145));
#2510=EDGE_LOOP('',(#146,#147,#148,#149));
#2511=EDGE_LOOP('',(#150,#151,#152,#153));
#2512=EDGE_LOOP('',(#154,#155,#156,#157));
#2513=EDGE_LOOP('',(#158,#159,#160,#161));
#2514=EDGE_LOOP('',(#162,#163,#164,#165));
#2515=EDGE_LOOP('',(#166,#167,#168,#169));
#2516=EDGE_LOOP('',(#170,#171,#172,#173));
#2517=EDGE_LOOP('',(#174,#175,#176,#177));
#2518=EDGE_LOOP('',(#178,#179,#180,#181));
#2519=EDGE_LOOP('',(#182,#183,#184,#185));
#2520=EDGE_LOOP('',(#186,#187,#188,#189));
#2521=EDGE_LOOP('',(#190,#191,#192,#193));
#2522=EDGE_LOOP('',(#194,#195,#196,#197));
#2523=EDGE_LOOP('',(#198,#199,#200,#201));
#2524=EDGE_LOOP('',(#202,#203,#204,#205));
#2525=EDGE_LOOP('',(#206,#207,#208,#209));
#2526=EDGE_LOOP('',(#210,#211,#212,#213));
#2527=EDGE_LOOP('',(#214,#215,#216,#217));
#2528=EDGE_LOOP('',(#218,#219,#220,#221));
#2529=EDGE_LOOP('',(#222,#223,#224,#225));
#2530=EDGE_LOOP('',(#226,#227,#228,#229));
#2531=EDGE_LOOP('',(#230,#231,#232,#233));
#2532=EDGE_LOOP('',(#234,#235,#236,#237));
#2533=EDGE_LOOP('',(#238,#239,#240,#241));
#2534=EDGE_LOOP('',(#242,#243,#244,#245));
#2535=EDGE_LOOP('',(#246,#247,#248,#249));
#2536=EDGE_LOOP('',(#250,#251,#252,#253));
#2537=EDGE_LOOP('',(#254,#255,#256,#257));
#2538=EDGE_LOOP('',(#258,#259,#260,#261));
#2539=EDGE_LOOP('',(#262,#263,#264,#265));
#2540=EDGE_LOOP('',(#266,#267,#268,#269));
#2541=EDGE_LOOP('',(#270,#271,#272,#273));
#2542=EDGE_LOOP('',(#274,#275,#276,#277));
#2543=EDGE_LOOP('',(#278,#279,#280,#281));
#2544=EDGE_LOOP('',(#282,#283,#284,#285));
#2545=EDGE_LOOP('',(#286,#287,#288,#289));
#2546=EDGE_LOOP('',(#290,#291,#292,#293));
#2547=EDGE_LOOP('',(#294,#295,#296,#297));
#2548=EDGE_LOOP('',(#298,#299,#300,#301));
#2549=EDGE_LOOP('',(#302,#303,#304,#305));
#2550=EDGE_LOOP('',(#306,#307,#308,#309));
#2551=EDGE_LOOP('',(#310,#311,#312,#313));
#2552=EDGE_LOOP('',(#314,#315,#316,#317));
#2553=EDGE_LOOP('',(#318,#319,#320,#321));
#2554=EDGE_LOOP('',(#322,#323,#324,#325));
#2555=EDGE_LOOP('',(#326,#327,#328,#329));
#2556=EDGE_LOOP('',(#330,#331,#332,#333));
#2557=EDGE_LOOP('',(#334,#335,#336,#337));
#2558=EDGE_LOOP('',(#338,#339,#340,#341));
#2559=EDGE_LOOP('',(#342,#343,#344,#345));
#2560=EDGE_LOOP('',(#346,#347,#348,#349));
#2561=EDGE_LOOP('',(#350,#351,#352,#353));
#2562=EDGE_LOOP('',(#354,#355,#356,#357));
#2563=EDGE_LOOP('',(#358,#359,#360,#361));
#2564=EDGE_LOOP('',(#362,#363,#364,#365));
#2565=EDGE_LOOP('',(#366,#367,#368,#369));
#2566=EDGE_LOOP('',(#370,#371,#372,#373));
#2567=EDGE_LOOP('',(#374,#375,#376,#377));
#2568=EDGE_LOOP('',(#378,#379,#380,#381));
#2569=EDGE_LOOP('',(#382,#383,#384,#385));
#2570=EDGE_LOOP('',(#386,#387,#388,#389));
#2571=EDGE_LOOP('',(#390,#391,#392,#393));
#2572=EDGE_LOOP('',(#394,#395,#396,#397));
#2573=EDGE_LOOP('',(#398,#399,#400,#401));
#2574=EDGE_LOOP('',(#402,#403,#404,#405));
#2575=EDGE_LOOP('',(#406,#407,#408,#409));
#2576=EDGE_LOOP('',(#410,#411,#412,#413));
#2577=EDGE_LOOP('',(#414,#415,#416,#417));
#2578=EDGE_LOOP('',(#418,#419,#420,#421));
#2579=EDGE_LOOP('',(#422,#423,#424,#425));
#2580=EDGE_LOOP('',(#426,#427,#428,#429));
#2581=EDGE_LOOP('',(#430,#431,#432,#433));
#2582=EDGE_LOOP('',(#434,#435,#436,#437));
#2583=EDGE_LOOP('',(#438,#439,#440,#441));
#2584=EDGE_LOOP('',(#442,#443,#444,#445));
#2585=EDGE_LOOP('',(#446,#447,#448,#449));
#2586=EDGE_LOOP('',(#450,#451,#452,#453));
#2587=EDGE_LOOP('',(#454,#455,#456,#457));
#2588=EDGE_LOOP('',(#458,#459,#460,#461));
#2589=EDGE_LOOP('',(#462,#463,#464,#465));
#2590=EDGE_LOOP('',(#466,#467,#468,#469));
#2591=EDGE_LOOP('',(#470,#471,#472,#473));
#2592=EDGE_LOOP('',(#474,#475,#476,#477));
#2593=EDGE_LOOP('',(#478,#479,#480,#481));
#2594=EDGE_LOOP('',(#482,#483,#484,#485));
#2595=EDGE_LOOP('',(#486,#487,#488,#489));
#2596=EDGE_LOOP('',(#490,#491,#492,#493));
#2597=EDGE_LOOP('',(#494,#495,#496,#497));
#2598=EDGE_LOOP('',(#498,#499,#500,#501));
#2599=EDGE_LOOP('',(#502,#503,#504,#505));
#2600=EDGE_LOOP('',(#506,#507,#508,#509));
#2601=EDGE_LOOP('',(#510,#511,#512,#513));
#2602=EDGE_LOOP('',(#514,#515,#516,#517));
#2603=EDGE_LOOP('',(#518,#519,#520,#521));
#2604=EDGE_LOOP('',(#522,#523,#524,#525));
#2605=EDGE_LOOP('',(#526,#527,#528,#529));
#2606=EDGE_LOOP('',(#530,#531,#532,#533));
#2607=EDGE_LOOP('',(#534,#535,#536,#537));
#2608=EDGE_LOOP('',(#538,#539,#540,#541));
#2609=EDGE_LOOP('',(#542,#543,#544,#545));
#2610=EDGE_LOOP('',(#546,#547,#548,#549));
#2611=EDGE_LOOP('',(#550,#551,#552,#553));
#2612=EDGE_LOOP('',(#554,#555,#556,#557));
#2613=EDGE_LOOP('',(#558,#559,#560,#561));
#2614=EDGE_LOOP('',(#562,#563,#564,#565));
#2615=EDGE_LOOP('',(#566,#567,#568,#569));
#2616=EDGE_LOOP('',(#570,#571,#572,#573));
#2617=EDGE_LOOP('',(#574,#575,#576,#577));
#2618=EDGE_LOOP('',(#578,#579,#580,#581));
#2619=EDGE_LOOP('',(#582,#583,#584,#585));
#2620=EDGE_LOOP('',(#586,#587,#588,#589));
#2621=EDGE_LOOP('',(#590,#591,#592,#593));
#2622=EDGE_LOOP('',(#594,#595,#596,#597));
#2623=EDGE_LOOP('',(#598,#599,#600,#601));
#2624=EDGE_LOOP('',(#602,#603,#604,#605));
#2625=EDGE_LOOP('',(#606,#607,#608,#609));
#2626=EDGE_LOOP('',(#610,#611,#612,#613));
#2627=EDGE_LOOP('',(#614,#615,#616,#617));
#2628=EDGE_LOOP('',(#618,#619,#620,#621,#622,#623,#624,#625,#626,#627,#628,
#629,#630,#631,#632,#633,#634,#635,#636,#637,#638,#639,#640,#641,#642,#643,
#644,#645,#646,#647));
#2629=EDGE_LOOP('',(#648,#649,#650,#651));
#2630=EDGE_LOOP('',(#652,#653,#654,#655));
#2631=EDGE_LOOP('',(#656,#657,#658,#659));
#2632=EDGE_LOOP('',(#660,#661,#662,#663));
#2633=EDGE_LOOP('',(#664,#665,#666,#667));
#2634=EDGE_LOOP('',(#668,#669,#670,#671));
#2635=EDGE_LOOP('',(#672,#673,#674,#675));
#2636=EDGE_LOOP('',(#676,#677,#678,#679));
#2637=EDGE_LOOP('',(#680));
#2638=EDGE_LOOP('',(#681,#682));
#2639=EDGE_LOOP('',(#683));
#2640=EDGE_LOOP('',(#684,#685,#686,#687,#688,#689,#690,#691,#692,#693,#694,
#695,#696,#697,#698,#699,#700,#701,#702,#703,#704,#705,#706,#707,#708,#709,
#710,#711,#712,#713));
#2641=EDGE_LOOP('',(#714,#715,#716,#717));
#2642=EDGE_LOOP('',(#718,#719,#720,#721));
#2643=EDGE_LOOP('',(#722,#723,#724,#725));
#2644=EDGE_LOOP('',(#726,#727,#728,#729));
#2645=EDGE_LOOP('',(#730,#731,#732,#733));
#2646=EDGE_LOOP('',(#734,#735,#736,#737));
#2647=EDGE_LOOP('',(#738,#739,#740,#741));
#2648=EDGE_LOOP('',(#742,#743,#744,#745));
#2649=EDGE_LOOP('',(#746,#747,#748,#749));
#2650=EDGE_LOOP('',(#750,#751,#752,#753));
#2651=EDGE_LOOP('',(#754,#755,#756,#757));
#2652=EDGE_LOOP('',(#758,#759,#760,#761));
#2653=EDGE_LOOP('',(#762,#763,#764,#765));
#2654=EDGE_LOOP('',(#766,#767,#768,#769));
#2655=EDGE_LOOP('',(#770,#771,#772,#773));
#2656=EDGE_LOOP('',(#774,#775,#776,#777));
#2657=EDGE_LOOP('',(#778,#779,#780,#781));
#2658=EDGE_LOOP('',(#782,#783,#784,#785));
#2659=EDGE_LOOP('',(#786,#787,#788,#789));
#2660=EDGE_LOOP('',(#790,#791,#792,#793));
#2661=EDGE_LOOP('',(#794,#795,#796,#797));
#2662=EDGE_LOOP('',(#798,#799,#800,#801));
#2663=EDGE_LOOP('',(#802,#803,#804,#805));
#2664=EDGE_LOOP('',(#806,#807,#808,#809));
#2665=EDGE_LOOP('',(#810,#811,#812,#813));
#2666=EDGE_LOOP('',(#814,#815,#816,#817));
#2667=EDGE_LOOP('',(#818,#819,#820,#821));
#2668=EDGE_LOOP('',(#822,#823,#824,#825));
#2669=EDGE_LOOP('',(#826));
#2670=EDGE_LOOP('',(#827,#828));
#2671=EDGE_LOOP('',(#829));
#2672=EDGE_LOOP('',(#830,#831,#832,#833));
#2673=EDGE_LOOP('',(#834,#835,#836,#837));
#2674=EDGE_LOOP('',(#838,#839,#840,#841));
#2675=EDGE_LOOP('',(#842,#843,#844,#845));
#2676=EDGE_LOOP('',(#846,#847,#848,#849));
#2677=EDGE_LOOP('',(#850,#851,#852,#853));
#2678=EDGE_LOOP('',(#854,#855,#856,#857));
#2679=EDGE_LOOP('',(#858,#859,#860,#861));
#2680=EDGE_LOOP('',(#862,#863,#864,#865));
#2681=EDGE_LOOP('',(#866,#867,#868,#869));
#2682=EDGE_LOOP('',(#870,#871,#872,#873));
#2683=EDGE_LOOP('',(#874,#875,#876,#877));
#2684=EDGE_LOOP('',(#878,#879,#880,#881));
#2685=EDGE_LOOP('',(#882,#883,#884,#885));
#2686=EDGE_LOOP('',(#886,#887,#888,#889));
#2687=EDGE_LOOP('',(#890,#891,#892,#893));
#2688=EDGE_LOOP('',(#894,#895,#896,#897));
#2689=EDGE_LOOP('',(#898,#899,#900,#901));
#2690=FACE_BOUND('',#2478,.T.);
#2691=FACE_BOUND('',#2479,.T.);
#2692=FACE_BOUND('',#2480,.T.);
#2693=FACE_BOUND('',#2481,.T.);
#2694=FACE_BOUND('',#2482,.T.);
#2695=FACE_BOUND('',#2483,.T.);
#2696=FACE_BOUND('',#2484,.T.);
#2697=FACE_BOUND('',#2485,.T.);
#2698=FACE_BOUND('',#2486,.T.);
#2699=FACE_BOUND('',#2487,.T.);
#2700=FACE_BOUND('',#2488,.T.);
#2701=FACE_BOUND('',#2489,.T.);
#2702=FACE_BOUND('',#2490,.T.);
#2703=FACE_BOUND('',#2491,.T.);
#2704=FACE_BOUND('',#2492,.T.);
#2705=FACE_BOUND('',#2493,.T.);
#2706=FACE_BOUND('',#2494,.T.);
#2707=FACE_BOUND('',#2495,.T.);
#2708=FACE_BOUND('',#2496,.T.);
#2709=FACE_BOUND('',#2497,.T.);
#2710=FACE_BOUND('',#2498,.T.);
#2711=FACE_BOUND('',#2499,.T.);
#2712=FACE_BOUND('',#2500,.T.);
#2713=FACE_BOUND('',#2501,.T.);
#2714=FACE_BOUND('',#2502,.T.);
#2715=FACE_BOUND('',#2503,.T.);
#2716=FACE_BOUND('',#2504,.T.);
#2717=FACE_BOUND('',#2505,.T.);
#2718=FACE_BOUND('',#2506,.T.);
#2719=FACE_BOUND('',#2507,.T.);
#2720=FACE_BOUND('',#2508,.T.);
#2721=FACE_BOUND('',#2509,.T.);
#2722=FACE_BOUND('',#2510,.T.);
#2723=FACE_BOUND('',#2511,.T.);
#2724=FACE_BOUND('',#2512,.T.);
#2725=FACE_BOUND('',#2513,.T.);
#2726=FACE_BOUND('',#2514,.T.);
#2727=FACE_BOUND('',#2515,.T.);
#2728=FACE_BOUND('',#2516,.T.);
#2729=FACE_BOUND('',#2517,.T.);
#2730=FACE_BOUND('',#2518,.T.);
#2731=FACE_BOUND('',#2519,.T.);
#2732=FACE_BOUND('',#2520,.T.);
#2733=FACE_BOUND('',#2521,.T.);
#2734=FACE_BOUND('',#2522,.T.);
#2735=FACE_BOUND('',#2523,.T.);
#2736=FACE_BOUND('',#2524,.T.);
#2737=FACE_BOUND('',#2525,.T.);
#2738=FACE_BOUND('',#2526,.T.);
#2739=FACE_BOUND('',#2527,.T.);
#2740=FACE_BOUND('',#2528,.T.);
#2741=FACE_BOUND('',#2529,.T.);
#2742=FACE_BOUND('',#2530,.T.);
#2743=FACE_BOUND('',#2531,.T.);
#2744=FACE_BOUND('',#2532,.T.);
#2745=FACE_BOUND('',#2533,.T.);
#2746=FACE_BOUND('',#2534,.T.);
#2747=FACE_BOUND('',#2535,.T.);
#2748=FACE_BOUND('',#2536,.T.);
#2749=FACE_BOUND('',#2537,.T.);
#2750=FACE_BOUND('',#2538,.T.);
#2751=FACE_BOUND('',#2539,.T.);
#2752=FACE_BOUND('',#2540,.T.);
#2753=FACE_BOUND('',#2541,.T.);
#2754=FACE_BOUND('',#2542,.T.);
#2755=FACE_BOUND('',#2543,.T.);
#2756=FACE_BOUND('',#2544,.T.);
#2757=FACE_BOUND('',#2545,.T.);
#2758=FACE_BOUND('',#2546,.T.);
#2759=FACE_BOUND('',#2547,.T.);
#2760=FACE_BOUND('',#2548,.T.);
#2761=FACE_BOUND('',#2549,.T.);
#2762=FACE_BOUND('',#2550,.T.);
#2763=FACE_BOUND('',#2551,.T.);
#2764=FACE_BOUND('',#2552,.T.);
#2765=FACE_BOUND('',#2553,.T.);
#2766=FACE_BOUND('',#2554,.T.);
#2767=FACE_BOUND('',#2555,.T.);
#2768=FACE_BOUND('',#2556,.T.);
#2769=FACE_BOUND('',#2557,.T.);
#2770=FACE_BOUND('',#2558,.T.);
#2771=FACE_BOUND('',#2559,.T.);
#2772=FACE_BOUND('',#2560,.T.);
#2773=FACE_BOUND('',#2561,.T.);
#2774=FACE_BOUND('',#2562,.T.);
#2775=FACE_BOUND('',#2563,.T.);
#2776=FACE_BOUND('',#2564,.T.);
#2777=FACE_BOUND('',#2565,.T.);
#2778=FACE_BOUND('',#2566,.T.);
#2779=FACE_BOUND('',#2567,.T.);
#2780=FACE_BOUND('',#2568,.T.);
#2781=FACE_BOUND('',#2569,.T.);
#2782=FACE_BOUND('',#2570,.T.);
#2783=FACE_BOUND('',#2571,.T.);
#2784=FACE_BOUND('',#2572,.T.);
#2785=FACE_BOUND('',#2573,.T.);
#2786=FACE_BOUND('',#2574,.T.);
#2787=FACE_BOUND('',#2575,.T.);
#2788=FACE_BOUND('',#2576,.T.);
#2789=FACE_BOUND('',#2577,.T.);
#2790=FACE_BOUND('',#2578,.T.);
#2791=FACE_BOUND('',#2579,.T.);
#2792=FACE_BOUND('',#2580,.T.);
#2793=FACE_BOUND('',#2581,.T.);
#2794=FACE_BOUND('',#2582,.T.);
#2795=FACE_BOUND('',#2583,.T.);
#2796=FACE_BOUND('',#2584,.T.);
#2797=FACE_BOUND('',#2585,.T.);
#2798=FACE_BOUND('',#2586,.T.);
#2799=FACE_BOUND('',#2587,.T.);
#2800=FACE_BOUND('',#2588,.T.);
#2801=FACE_BOUND('',#2589,.T.);
#2802=FACE_BOUND('',#2590,.T.);
#2803=FACE_BOUND('',#2591,.T.);
#2804=FACE_BOUND('',#2592,.T.);
#2805=FACE_BOUND('',#2593,.T.);
#2806=FACE_BOUND('',#2594,.T.);
#2807=FACE_BOUND('',#2595,.T.);
#2808=FACE_BOUND('',#2596,.T.);
#2809=FACE_BOUND('',#2597,.T.);
#2810=FACE_BOUND('',#2598,.T.);
#2811=FACE_BOUND('',#2599,.T.);
#2812=FACE_BOUND('',#2600,.T.);
#2813=FACE_BOUND('',#2601,.T.);
#2814=FACE_BOUND('',#2602,.T.);
#2815=FACE_BOUND('',#2603,.T.);
#2816=FACE_BOUND('',#2604,.T.);
#2817=FACE_BOUND('',#2605,.T.);
#2818=FACE_BOUND('',#2606,.T.);
#2819=FACE_BOUND('',#2607,.T.);
#2820=FACE_BOUND('',#2608,.T.);
#2821=FACE_BOUND('',#2609,.T.);
#2822=FACE_BOUND('',#2610,.T.);
#2823=FACE_BOUND('',#2611,.T.);
#2824=FACE_BOUND('',#2612,.T.);
#2825=FACE_BOUND('',#2613,.T.);
#2826=FACE_BOUND('',#2614,.T.);
#2827=FACE_BOUND('',#2615,.T.);
#2828=FACE_BOUND('',#2616,.T.);
#2829=FACE_BOUND('',#2617,.T.);
#2830=FACE_BOUND('',#2618,.T.);
#2831=FACE_BOUND('',#2619,.T.);
#2832=FACE_BOUND('',#2620,.T.);
#2833=FACE_BOUND('',#2621,.T.);
#2834=FACE_BOUND('',#2622,.T.);
#2835=FACE_BOUND('',#2623,.T.);
#2836=FACE_BOUND('',#2624,.T.);
#2837=FACE_BOUND('',#2625,.T.);
#2838=FACE_BOUND('',#2626,.T.);
#2839=FACE_BOUND('',#2627,.T.);
#2840=FACE_BOUND('',#2628,.T.);
#2841=FACE_BOUND('',#2629,.T.);
#2842=FACE_BOUND('',#2630,.T.);
#2843=FACE_BOUND('',#2631,.T.);
#2844=FACE_BOUND('',#2632,.T.);
#2845=FACE_BOUND('',#2633,.T.);
#2846=FACE_BOUND('',#2634,.T.);
#2847=FACE_BOUND('',#2635,.T.);
#2848=FACE_BOUND('',#2636,.T.);
#2849=FACE_BOUND('',#2637,.T.);
#2850=FACE_BOUND('',#2638,.T.);
#2851=FACE_BOUND('',#2639,.T.);
#2852=FACE_BOUND('',#2640,.T.);
#2853=FACE_BOUND('',#2641,.T.);
#2854=FACE_BOUND('',#2642,.T.);
#2855=FACE_BOUND('',#2643,.T.);
#2856=FACE_BOUND('',#2644,.T.);
#2857=FACE_BOUND('',#2645,.T.);
#2858=FACE_BOUND('',#2646,.T.);
#2859=FACE_BOUND('',#2647,.T.);
#2860=FACE_BOUND('',#2648,.T.);
#2861=FACE_BOUND('',#2649,.T.);
#2862=FACE_BOUND('',#2650,.T.);
#2863=FACE_BOUND('',#2651,.T.);
#2864=FACE_BOUND('',#2652,.T.);
#2865=FACE_BOUND('',#2653,.T.);
#2866=FACE_BOUND('',#2654,.T.);
#2867=FACE_BOUND('',#2655,.T.);
#2868=FACE_BOUND('',#2656,.T.);
#2869=FACE_BOUND('',#2657,.T.);
#2870=FACE_BOUND('',#2658,.T.);
#2871=FACE_BOUND('',#2659,.T.);
#2872=FACE_BOUND('',#2660,.T.);
#2873=FACE_BOUND('',#2661,.T.);
#2874=FACE_BOUND('',#2662,.T.);
#2875=FACE_BOUND('',#2663,.T.);
#2876=FACE_BOUND('',#2664,.T.);
#2877=FACE_BOUND('',#2665,.T.);
#2878=FACE_BOUND('',#2666,.T.);
#2879=FACE_BOUND('',#2667,.T.);
#2880=FACE_BOUND('',#2668,.T.);
#2881=FACE_BOUND('',#2669,.T.);
#2882=FACE_BOUND('',#2670,.T.);
#2883=FACE_BOUND('',#2671,.T.);
#2884=FACE_BOUND('',#2672,.T.);
#2885=FACE_BOUND('',#2673,.T.);
#2886=FACE_BOUND('',#2674,.T.);
#2887=FACE_BOUND('',#2675,.T.);
#2888=FACE_BOUND('',#2676,.T.);
#2889=FACE_BOUND('',#2677,.T.);
#2890=FACE_BOUND('',#2678,.T.);
#2891=FACE_BOUND('',#2679,.T.);
#2892=FACE_BOUND('',#2680,.T.);
#2893=FACE_BOUND('',#2681,.T.);
#2894=FACE_BOUND('',#2682,.T.);
#2895=FACE_BOUND('',#2683,.T.);
#2896=FACE_BOUND('',#2684,.T.);
#2897=FACE_BOUND('',#2685,.T.);
#2898=FACE_BOUND('',#2686,.T.);
#2899=FACE_BOUND('',#2687,.T.);
#2900=FACE_BOUND('',#2688,.T.);
#2901=FACE_BOUND('',#2689,.T.);
#2902=PLANE('',#3205);
#2903=PLANE('',#3206);
#2904=PLANE('',#3219);
#2905=PLANE('',#3220);
#2906=PLANE('',#3221);
#2907=PLANE('',#3222);
#2908=PLANE('',#3223);
#2909=PLANE('',#3224);
#2910=PLANE('',#3225);
#2911=PLANE('',#3226);
#2912=PLANE('',#3227);
#2913=PLANE('',#3228);
#2914=PLANE('',#3229);
#2915=PLANE('',#3230);
#2916=PLANE('',#3231);
#2917=PLANE('',#3232);
#2918=PLANE('',#3233);
#2919=PLANE('',#3234);
#2920=PLANE('',#3235);
#2921=PLANE('',#3236);
#2922=PLANE('',#3237);
#2923=PLANE('',#3238);
#2924=PLANE('',#3239);
#2925=PLANE('',#3240);
#2926=PLANE('',#3241);
#2927=PLANE('',#3242);
#2928=PLANE('',#3243);
#2929=PLANE('',#3244);
#2930=PLANE('',#3245);
#2931=PLANE('',#3246);
#2932=PLANE('',#3247);
#2933=PLANE('',#3248);
#2934=PLANE('',#3249);
#2935=PLANE('',#3250);
#2936=PLANE('',#3254);
#2937=PLANE('',#3258);
#2938=PLANE('',#3259);
#2939=PLANE('',#3260);
#2940=PLANE('',#3261);
#2941=PLANE('',#3262);
#2942=PLANE('',#3263);
#2943=PLANE('',#3264);
#2944=PLANE('',#3265);
#2945=PLANE('',#3266);
#2946=PLANE('',#3267);
#2947=PLANE('',#3268);
#2948=PLANE('',#3269);
#2949=PLANE('',#3270);
#2950=PLANE('',#3271);
#2951=PLANE('',#3272);
#2952=PLANE('',#3273);
#2953=PLANE('',#3274);
#2954=PLANE('',#3275);
#2955=PLANE('',#3276);
#2956=PLANE('',#3277);
#2957=PLANE('',#3278);
#2958=PLANE('',#3279);
#2959=PLANE('',#3280);
#2960=PLANE('',#3281);
#2961=PLANE('',#3282);
#2962=PLANE('',#3283);
#2963=PLANE('',#3284);
#2964=PLANE('',#3285);
#2965=PLANE('',#3286);
#2966=PLANE('',#3287);
#2967=PLANE('',#3288);
#2968=PLANE('',#3289);
#2969=PLANE('',#3290);
#2970=PLANE('',#3291);
#2971=PLANE('',#3292);
#2972=PLANE('',#3293);
#2973=PLANE('',#3294);
#2974=PLANE('',#3295);
#2975=PLANE('',#3296);
#2976=PLANE('',#3297);
#2977=PLANE('',#3298);
#2978=PLANE('',#3299);
#2979=PLANE('',#3300);
#2980=PLANE('',#3301);
#2981=PLANE('',#3302);
#2982=PLANE('',#3303);
#2983=PLANE('',#3304);
#2984=PLANE('',#3305);
#2985=PLANE('',#3306);
#2986=PLANE('',#3307);
#2987=PLANE('',#3308);
#2988=PLANE('',#3309);
#2989=PLANE('',#3310);
#2990=PLANE('',#3311);
#2991=PLANE('',#3312);
#2992=PLANE('',#3313);
#2993=PLANE('',#3314);
#2994=PLANE('',#3315);
#2995=PLANE('',#3316);
#2996=PLANE('',#3317);
#2997=PLANE('',#3318);
#2998=PLANE('',#3319);
#2999=PLANE('',#3320);
#3000=PLANE('',#3321);
#3001=PLANE('',#3322);
#3002=PLANE('',#3323);
#3003=PLANE('',#3324);
#3004=PLANE('',#3325);
#3005=PLANE('',#3326);
#3006=PLANE('',#3327);
#3007=PLANE('',#3328);
#3008=PLANE('',#3329);
#3009=PLANE('',#3330);
#3010=PLANE('',#3331);
#3011=PLANE('',#3332);
#3012=PLANE('',#3333);
#3013=PLANE('',#3334);
#3014=PLANE('',#3335);
#3015=PLANE('',#3336);
#3016=PLANE('',#3337);
#3017=PLANE('',#3338);
#3018=PLANE('',#3339);
#3019=PLANE('',#3340);
#3020=PLANE('',#3341);
#3021=PLANE('',#3342);
#3022=PLANE('',#3343);
#3023=PLANE('',#3344);
#3024=PLANE('',#3345);
#3025=PLANE('',#3346);
#3026=PLANE('',#3347);
#3027=PLANE('',#3348);
#3028=PLANE('',#3349);
#3029=PLANE('',#3350);
#3030=PLANE('',#3351);
#3031=PLANE('',#3352);
#3032=PLANE('',#3353);
#3033=PLANE('',#3354);
#3034=PLANE('',#3355);
#3035=PLANE('',#3356);
#3036=PLANE('',#3357);
#3037=PLANE('',#3358);
#3038=PLANE('',#3359);
#3039=PLANE('',#3360);
#3040=PLANE('',#3361);
#3041=PLANE('',#3362);
#3042=PLANE('',#3363);
#3043=PLANE('',#3364);
#3044=ADVANCED_FACE('',(#2690),#2902,.F.);
#3045=ADVANCED_FACE('',(#2691),#2903,.F.);
#3046=ADVANCED_FACE('',(#2692,#2693),#24,.F.);
#3047=ADVANCED_FACE('',(#2694),#25,.F.);
#3048=ADVANCED_FACE('',(#2695),#26,.F.);
#3049=ADVANCED_FACE('',(#2696,#2697),#27,.F.);
#3050=ADVANCED_FACE('',(#2698),#2904,.F.);
#3051=ADVANCED_FACE('',(#2699),#2905,.F.);
#3052=ADVANCED_FACE('',(#2700),#2906,.T.);
#3053=ADVANCED_FACE('',(#2701),#2907,.T.);
#3054=ADVANCED_FACE('',(#2702),#2908,.F.);
#3055=ADVANCED_FACE('',(#2703),#2909,.F.);
#3056=ADVANCED_FACE('',(#2704),#2910,.T.);
#3057=ADVANCED_FACE('',(#2705),#2911,.T.);
#3058=ADVANCED_FACE('',(#2706),#2912,.F.);
#3059=ADVANCED_FACE('',(#2707),#2913,.F.);
#3060=ADVANCED_FACE('',(#2708),#2914,.T.);
#3061=ADVANCED_FACE('',(#2709),#2915,.T.);
#3062=ADVANCED_FACE('',(#2710),#2916,.F.);
#3063=ADVANCED_FACE('',(#2711),#2917,.F.);
#3064=ADVANCED_FACE('',(#2712),#2918,.T.);
#3065=ADVANCED_FACE('',(#2713),#2919,.T.);
#3066=ADVANCED_FACE('',(#2714),#2920,.F.);
#3067=ADVANCED_FACE('',(#2715),#2921,.F.);
#3068=ADVANCED_FACE('',(#2716),#2922,.T.);
#3069=ADVANCED_FACE('',(#2717),#2923,.T.);
#3070=ADVANCED_FACE('',(#2718),#2924,.F.);
#3071=ADVANCED_FACE('',(#2719),#2925,.F.);
#3072=ADVANCED_FACE('',(#2720),#2926,.T.);
#3073=ADVANCED_FACE('',(#2721),#2927,.T.);
#3074=ADVANCED_FACE('',(#2722),#2928,.F.);
#3075=ADVANCED_FACE('',(#2723),#2929,.F.);
#3076=ADVANCED_FACE('',(#2724),#2930,.T.);
#3077=ADVANCED_FACE('',(#2725),#2931,.T.);
#3078=ADVANCED_FACE('',(#2726),#2932,.F.);
#3079=ADVANCED_FACE('',(#2727),#2933,.F.);
#3080=ADVANCED_FACE('',(#2728),#2934,.T.);
#3081=ADVANCED_FACE('',(#2729),#2935,.T.);
#3082=ADVANCED_FACE('',(#2730),#28,.T.);
#3083=ADVANCED_FACE('',(#2731),#2936,.T.);
#3084=ADVANCED_FACE('',(#2732),#29,.T.);
#3085=ADVANCED_FACE('',(#2733),#2937,.T.);
#3086=ADVANCED_FACE('',(#2734),#2938,.F.);
#3087=ADVANCED_FACE('',(#2735),#2939,.T.);
#3088=ADVANCED_FACE('',(#2736),#2940,.T.);
#3089=ADVANCED_FACE('',(#2737),#2941,.F.);
#3090=ADVANCED_FACE('',(#2738),#2942,.F.);
#3091=ADVANCED_FACE('',(#2739),#2943,.F.);
#3092=ADVANCED_FACE('',(#2740),#2944,.F.);
#3093=ADVANCED_FACE('',(#2741),#2945,.F.);
#3094=ADVANCED_FACE('',(#2742),#2946,.T.);
#3095=ADVANCED_FACE('',(#2743),#2947,.T.);
#3096=ADVANCED_FACE('',(#2744),#2948,.F.);
#3097=ADVANCED_FACE('',(#2745),#2949,.F.);
#3098=ADVANCED_FACE('',(#2746),#2950,.T.);
#3099=ADVANCED_FACE('',(#2747),#2951,.T.);
#3100=ADVANCED_FACE('',(#2748),#2952,.F.);
#3101=ADVANCED_FACE('',(#2749),#2953,.F.);
#3102=ADVANCED_FACE('',(#2750),#2954,.T.);
#3103=ADVANCED_FACE('',(#2751),#2955,.T.);
#3104=ADVANCED_FACE('',(#2752),#2956,.F.);
#3105=ADVANCED_FACE('',(#2753),#2957,.F.);
#3106=ADVANCED_FACE('',(#2754),#2958,.T.);
#3107=ADVANCED_FACE('',(#2755),#2959,.T.);
#3108=ADVANCED_FACE('',(#2756),#2960,.F.);
#3109=ADVANCED_FACE('',(#2757),#2961,.F.);
#3110=ADVANCED_FACE('',(#2758),#2962,.T.);
#3111=ADVANCED_FACE('',(#2759),#2963,.T.);
#3112=ADVANCED_FACE('',(#2760),#2964,.F.);
#3113=ADVANCED_FACE('',(#2761),#2965,.F.);
#3114=ADVANCED_FACE('',(#2762),#2966,.T.);
#3115=ADVANCED_FACE('',(#2763),#2967,.T.);
#3116=ADVANCED_FACE('',(#2764),#2968,.F.);
#3117=ADVANCED_FACE('',(#2765),#2969,.F.);
#3118=ADVANCED_FACE('',(#2766),#2970,.T.);
#3119=ADVANCED_FACE('',(#2767),#2971,.T.);
#3120=ADVANCED_FACE('',(#2768),#2972,.F.);
#3121=ADVANCED_FACE('',(#2769),#2973,.F.);
#3122=ADVANCED_FACE('',(#2770),#2974,.T.);
#3123=ADVANCED_FACE('',(#2771),#2975,.T.);
#3124=ADVANCED_FACE('',(#2772),#2976,.F.);
#3125=ADVANCED_FACE('',(#2773),#2977,.F.);
#3126=ADVANCED_FACE('',(#2774),#2978,.T.);
#3127=ADVANCED_FACE('',(#2775),#2979,.T.);
#3128=ADVANCED_FACE('',(#2776),#2980,.F.);
#3129=ADVANCED_FACE('',(#2777),#2981,.F.);
#3130=ADVANCED_FACE('',(#2778),#2982,.T.);
#3131=ADVANCED_FACE('',(#2779),#2983,.T.);
#3132=ADVANCED_FACE('',(#2780),#2984,.F.);
#3133=ADVANCED_FACE('',(#2781),#2985,.F.);
#3134=ADVANCED_FACE('',(#2782),#2986,.T.);
#3135=ADVANCED_FACE('',(#2783),#2987,.T.);
#3136=ADVANCED_FACE('',(#2784),#2988,.F.);
#3137=ADVANCED_FACE('',(#2785),#2989,.F.);
#3138=ADVANCED_FACE('',(#2786),#2990,.T.);
#3139=ADVANCED_FACE('',(#2787),#2991,.T.);
#3140=ADVANCED_FACE('',(#2788),#2992,.F.);
#3141=ADVANCED_FACE('',(#2789),#2993,.F.);
#3142=ADVANCED_FACE('',(#2790),#2994,.T.);
#3143=ADVANCED_FACE('',(#2791),#2995,.T.);
#3144=ADVANCED_FACE('',(#2792),#2996,.F.);
#3145=ADVANCED_FACE('',(#2793),#2997,.F.);
#3146=ADVANCED_FACE('',(#2794),#2998,.T.);
#3147=ADVANCED_FACE('',(#2795),#2999,.T.);
#3148=ADVANCED_FACE('',(#2796),#3000,.F.);
#3149=ADVANCED_FACE('',(#2797),#3001,.F.);
#3150=ADVANCED_FACE('',(#2798),#3002,.T.);
#3151=ADVANCED_FACE('',(#2799),#3003,.T.);
#3152=ADVANCED_FACE('',(#2800),#3004,.F.);
#3153=ADVANCED_FACE('',(#2801),#3005,.F.);
#3154=ADVANCED_FACE('',(#2802),#3006,.T.);
#3155=ADVANCED_FACE('',(#2803),#3007,.T.);
#3156=ADVANCED_FACE('',(#2804),#3008,.F.);
#3157=ADVANCED_FACE('',(#2805),#3009,.F.);
#3158=ADVANCED_FACE('',(#2806),#3010,.T.);
#3159=ADVANCED_FACE('',(#2807),#3011,.T.);
#3160=ADVANCED_FACE('',(#2808),#3012,.F.);
#3161=ADVANCED_FACE('',(#2809),#3013,.F.);
#3162=ADVANCED_FACE('',(#2810),#3014,.T.);
#3163=ADVANCED_FACE('',(#2811),#3015,.T.);
#3164=ADVANCED_FACE('',(#2812),#3016,.F.);
#3165=ADVANCED_FACE('',(#2813),#3017,.F.);
#3166=ADVANCED_FACE('',(#2814),#3018,.T.);
#3167=ADVANCED_FACE('',(#2815),#3019,.T.);
#3168=ADVANCED_FACE('',(#2816),#3020,.F.);
#3169=ADVANCED_FACE('',(#2817),#3021,.F.);
#3170=ADVANCED_FACE('',(#2818),#3022,.T.);
#3171=ADVANCED_FACE('',(#2819),#3023,.T.);
#3172=ADVANCED_FACE('',(#2820,#2821,#2822,#2823,#2824,#2825,#2826,#2827,
#2828,#2829,#2830,#2831,#2832,#2833,#2834,#2835,#2836,#2837,#2838,#2839,
#2840,#2841,#2842,#2843,#2844,#2845,#2846,#2847,#2848,#2849,#2850,#2851),
#3024,.F.);
#3173=ADVANCED_FACE('',(#2852,#2853,#2854,#2855,#2856,#2857,#2858,#2859,
#2860,#2861,#2862,#2863,#2864,#2865,#2866,#2867,#2868,#2869,#2870,#2871,
#2872,#2873,#2874,#2875,#2876,#2877,#2878,#2879,#2880,#2881,#2882,#2883),
#3025,.T.);
#3174=ADVANCED_FACE('',(#2884),#3026,.T.);
#3175=ADVANCED_FACE('',(#2885),#3027,.T.);
#3176=ADVANCED_FACE('',(#2886),#3028,.T.);
#3177=ADVANCED_FACE('',(#2887),#3029,.F.);
#3178=ADVANCED_FACE('',(#2888),#3030,.F.);
#3179=ADVANCED_FACE('',(#2889),#3031,.F.);
#3180=ADVANCED_FACE('',(#2890),#3032,.F.);
#3181=ADVANCED_FACE('',(#2891),#3033,.T.);
#3182=ADVANCED_FACE('',(#2892),#3034,.F.);
#3183=ADVANCED_FACE('',(#2893),#3035,.F.);
#3184=ADVANCED_FACE('',(#2894),#3036,.F.);
#3185=ADVANCED_FACE('',(#2895),#3037,.F.);
#3186=ADVANCED_FACE('',(#2896),#3038,.F.);
#3187=ADVANCED_FACE('',(#2897),#3039,.F.);
#3188=ADVANCED_FACE('',(#2898),#3040,.F.);
#3189=ADVANCED_FACE('',(#2899),#3041,.F.);
#3190=ADVANCED_FACE('',(#2900),#3042,.F.);
#3191=ADVANCED_FACE('',(#2901),#3043,.F.);
#3192=CLOSED_SHELL('',(#3044,#3045,#3046,#3047,#3048,#3049,#3050,#3051,
#3052,#3053,#3054,#3055,#3056,#3057,#3058,#3059,#3060,#3061,#3062,#3063,
#3064,#3065,#3066,#3067,#3068,#3069,#3070,#3071,#3072,#3073,#3074,#3075,
#3076,#3077,#3078,#3079,#3080,#3081,#3082,#3083,#3084,#3085,#3086,#3087,
#3088,#3089,#3090,#3091,#3092,#3093,#3094,#3095,#3096,#3097,#3098,#3099,
#3100,#3101,#3102,#3103,#3104,#3105,#3106,#3107,#3108,#3109,#3110,#3111,
#3112,#3113,#3114,#3115,#3116,#3117,#3118,#3119,#3120,#3121,#3122,#3123,
#3124,#3125,#3126,#3127,#3128,#3129,#3130,#3131,#3132,#3133,#3134,#3135,
#3136,#3137,#3138,#3139,#3140,#3141,#3142,#3143,#3144,#3145,#3146,#3147,
#3148,#3149,#3150,#3151,#3152,#3153,#3154,#3155,#3156,#3157,#3158,#3159,
#3160,#3161,#3162,#3163,#3164,#3165,#3166,#3167,#3168,#3169,#3170,#3171,
#3172,#3173,#3174,#3175,#3176,#3177,#3178,#3179,#3180,#3181,#3182,#3183,
#3184,#3185,#3186,#3187,#3188,#3189,#3190,#3191));
#3193=STYLED_ITEM('',(#3194),#3201);
#3194=PRESENTATION_STYLE_ASSIGNMENT((#3195));
#3195=SURFACE_STYLE_USAGE(.BOTH.,#3196);
#3196=SURFACE_SIDE_STYLE('',(#3197));
#3197=SURFACE_STYLE_FILL_AREA(#3198);
#3198=FILL_AREA_STYLE('',(#3199));
#3199=FILL_AREA_STYLE_COLOUR('',#3200);
#3200=COLOUR_RGB('',0.647058823529412,0.647058823529412,0.647058823529412);
#3201=MANIFOLD_SOLID_BREP('Part 4',#3192);
#3202=SHAPE_DEFINITION_REPRESENTATION(#4994,#3203);
#3203=SHAPE_REPRESENTATION('Part 4',(#3204),#4989);
#3204=AXIS2_PLACEMENT_3D('',#4111,#3365,#3366);
#3205=AXIS2_PLACEMENT_3D('',#4112,#3367,#3368);
#3206=AXIS2_PLACEMENT_3D('',#4121,#3373,#3374);
#3207=AXIS2_PLACEMENT_3D('',#4130,#3379,#3380);
#3208=AXIS2_PLACEMENT_3D('',#4131,#3381,#3382);
#3209=AXIS2_PLACEMENT_3D('',#4133,#3383,#3384);
#3210=AXIS2_PLACEMENT_3D('',#4135,#3385,#3386);
#3211=AXIS2_PLACEMENT_3D('',#4136,#3387,#3388);
#3212=AXIS2_PLACEMENT_3D('',#4141,#3390,#3391);
#3213=AXIS2_PLACEMENT_3D('',#4144,#3393,#3394);
#3214=AXIS2_PLACEMENT_3D('',#4145,#3395,#3396);
#3215=AXIS2_PLACEMENT_3D('',#4146,#3397,#3398);
#3216=AXIS2_PLACEMENT_3D('',#4147,#3399,#3400);
#3217=AXIS2_PLACEMENT_3D('',#4148,#3401,#3402);
#3218=AXIS2_PLACEMENT_3D('',#4150,#3403,#3404);
#3219=AXIS2_PLACEMENT_3D('',#4152,#3405,#3406);
#3220=AXIS2_PLACEMENT_3D('',#4161,#3411,#3412);
#3221=AXIS2_PLACEMENT_3D('',#4167,#3416,#3417);
#3222=AXIS2_PLACEMENT_3D('',#4173,#3421,#3422);
#3223=AXIS2_PLACEMENT_3D('',#4176,#3425,#3426);
#3224=AXIS2_PLACEMENT_3D('',#4185,#3431,#3432);
#3225=AXIS2_PLACEMENT_3D('',#4191,#3436,#3437);
#3226=AXIS2_PLACEMENT_3D('',#4197,#3441,#3442);
#3227=AXIS2_PLACEMENT_3D('',#4200,#3445,#3446);
#3228=AXIS2_PLACEMENT_3D('',#4209,#3451,#3452);
#3229=AXIS2_PLACEMENT_3D('',#4215,#3456,#3457);
#3230=AXIS2_PLACEMENT_3D('',#4221,#3461,#3462);
#3231=AXIS2_PLACEMENT_3D('',#4224,#3465,#3466);
#3232=AXIS2_PLACEMENT_3D('',#4233,#3471,#3472);
#3233=AXIS2_PLACEMENT_3D('',#4239,#3476,#3477);
#3234=AXIS2_PLACEMENT_3D('',#4245,#3481,#3482);
#3235=AXIS2_PLACEMENT_3D('',#4248,#3485,#3486);
#3236=AXIS2_PLACEMENT_3D('',#4257,#3491,#3492);
#3237=AXIS2_PLACEMENT_3D('',#4263,#3496,#3497);
#3238=AXIS2_PLACEMENT_3D('',#4269,#3501,#3502);
#3239=AXIS2_PLACEMENT_3D('',#4272,#3505,#3506);
#3240=AXIS2_PLACEMENT_3D('',#4281,#3511,#3512);
#3241=AXIS2_PLACEMENT_3D('',#4287,#3516,#3517);
#3242=AXIS2_PLACEMENT_3D('',#4293,#3521,#3522);
#3243=AXIS2_PLACEMENT_3D('',#4296,#3525,#3526);
#3244=AXIS2_PLACEMENT_3D('',#4305,#3531,#3532);
#3245=AXIS2_PLACEMENT_3D('',#4311,#3536,#3537);
#3246=AXIS2_PLACEMENT_3D('',#4317,#3541,#3542);
#3247=AXIS2_PLACEMENT_3D('',#4320,#3545,#3546);
#3248=AXIS2_PLACEMENT_3D('',#4329,#3551,#3552);
#3249=AXIS2_PLACEMENT_3D('',#4335,#3556,#3557);
#3250=AXIS2_PLACEMENT_3D('',#4341,#3561,#3562);
#3251=AXIS2_PLACEMENT_3D('',#4344,#3565,#3566);
#3252=AXIS2_PLACEMENT_3D('',#4345,#3567,#3568);
#3253=AXIS2_PLACEMENT_3D('',#4350,#3570,#3571);
#3254=AXIS2_PLACEMENT_3D('',#4353,#3573,#3574);
#3255=AXIS2_PLACEMENT_3D('',#4359,#3578,#3579);
#3256=AXIS2_PLACEMENT_3D('',#4360,#3580,#3581);
#3257=AXIS2_PLACEMENT_3D('',#4364,#3583,#3584);
#3258=AXIS2_PLACEMENT_3D('',#4365,#3585,#3586);
#3259=AXIS2_PLACEMENT_3D('',#4371,#3590,#3591);
#3260=AXIS2_PLACEMENT_3D('',#4377,#3595,#3596);
#3261=AXIS2_PLACEMENT_3D('',#4383,#3600,#3601);
#3262=AXIS2_PLACEMENT_3D('',#4389,#3605,#3606);
#3263=AXIS2_PLACEMENT_3D('',#4398,#3611,#3612);
#3264=AXIS2_PLACEMENT_3D('',#4407,#3617,#3618);
#3265=AXIS2_PLACEMENT_3D('',#4416,#3623,#3624);
#3266=AXIS2_PLACEMENT_3D('',#4425,#3629,#3630);
#3267=AXIS2_PLACEMENT_3D('',#4431,#3634,#3635);
#3268=AXIS2_PLACEMENT_3D('',#4437,#3639,#3640);
#3269=AXIS2_PLACEMENT_3D('',#4440,#3643,#3644);
#3270=AXIS2_PLACEMENT_3D('',#4449,#3649,#3650);
#3271=AXIS2_PLACEMENT_3D('',#4455,#3654,#3655);
#3272=AXIS2_PLACEMENT_3D('',#4461,#3659,#3660);
#3273=AXIS2_PLACEMENT_3D('',#4464,#3663,#3664);
#3274=AXIS2_PLACEMENT_3D('',#4473,#3669,#3670);
#3275=AXIS2_PLACEMENT_3D('',#4479,#3674,#3675);
#3276=AXIS2_PLACEMENT_3D('',#4485,#3679,#3680);
#3277=AXIS2_PLACEMENT_3D('',#4488,#3683,#3684);
#3278=AXIS2_PLACEMENT_3D('',#4497,#3689,#3690);
#3279=AXIS2_PLACEMENT_3D('',#4503,#3694,#3695);
#3280=AXIS2_PLACEMENT_3D('',#4509,#3699,#3700);
#3281=AXIS2_PLACEMENT_3D('',#4512,#3703,#3704);
#3282=AXIS2_PLACEMENT_3D('',#4521,#3709,#3710);
#3283=AXIS2_PLACEMENT_3D('',#4527,#3714,#3715);
#3284=AXIS2_PLACEMENT_3D('',#4533,#3719,#3720);
#3285=AXIS2_PLACEMENT_3D('',#4536,#3723,#3724);
#3286=AXIS2_PLACEMENT_3D('',#4545,#3729,#3730);
#3287=AXIS2_PLACEMENT_3D('',#4551,#3734,#3735);
#3288=AXIS2_PLACEMENT_3D('',#4557,#3739,#3740);
#3289=AXIS2_PLACEMENT_3D('',#4560,#3743,#3744);
#3290=AXIS2_PLACEMENT_3D('',#4569,#3749,#3750);
#3291=AXIS2_PLACEMENT_3D('',#4575,#3754,#3755);
#3292=AXIS2_PLACEMENT_3D('',#4581,#3759,#3760);
#3293=AXIS2_PLACEMENT_3D('',#4584,#3763,#3764);
#3294=AXIS2_PLACEMENT_3D('',#4593,#3769,#3770);
#3295=AXIS2_PLACEMENT_3D('',#4599,#3774,#3775);
#3296=AXIS2_PLACEMENT_3D('',#4605,#3779,#3780);
#3297=AXIS2_PLACEMENT_3D('',#4608,#3783,#3784);
#3298=AXIS2_PLACEMENT_3D('',#4617,#3789,#3790);
#3299=AXIS2_PLACEMENT_3D('',#4623,#3794,#3795);
#3300=AXIS2_PLACEMENT_3D('',#4629,#3799,#3800);
#3301=AXIS2_PLACEMENT_3D('',#4632,#3803,#3804);
#3302=AXIS2_PLACEMENT_3D('',#4641,#3809,#3810);
#3303=AXIS2_PLACEMENT_3D('',#4647,#3814,#3815);
#3304=AXIS2_PLACEMENT_3D('',#4653,#3819,#3820);
#3305=AXIS2_PLACEMENT_3D('',#4656,#3823,#3824);
#3306=AXIS2_PLACEMENT_3D('',#4665,#3829,#3830);
#3307=AXIS2_PLACEMENT_3D('',#4671,#3834,#3835);
#3308=AXIS2_PLACEMENT_3D('',#4677,#3839,#3840);
#3309=AXIS2_PLACEMENT_3D('',#4680,#3843,#3844);
#3310=AXIS2_PLACEMENT_3D('',#4689,#3849,#3850);
#3311=AXIS2_PLACEMENT_3D('',#4695,#3854,#3855);
#3312=AXIS2_PLACEMENT_3D('',#4701,#3859,#3860);
#3313=AXIS2_PLACEMENT_3D('',#4704,#3863,#3864);
#3314=AXIS2_PLACEMENT_3D('',#4713,#3869,#3870);
#3315=AXIS2_PLACEMENT_3D('',#4719,#3874,#3875);
#3316=AXIS2_PLACEMENT_3D('',#4725,#3879,#3880);
#3317=AXIS2_PLACEMENT_3D('',#4728,#3883,#3884);
#3318=AXIS2_PLACEMENT_3D('',#4737,#3889,#3890);
#3319=AXIS2_PLACEMENT_3D('',#4743,#3894,#3895);
#3320=AXIS2_PLACEMENT_3D('',#4749,#3899,#3900);
#3321=AXIS2_PLACEMENT_3D('',#4752,#3903,#3904);
#3322=AXIS2_PLACEMENT_3D('',#4761,#3909,#3910);
#3323=AXIS2_PLACEMENT_3D('',#4767,#3914,#3915);
#3324=AXIS2_PLACEMENT_3D('',#4773,#3919,#3920);
#3325=AXIS2_PLACEMENT_3D('',#4776,#3923,#3924);
#3326=AXIS2_PLACEMENT_3D('',#4785,#3929,#3930);
#3327=AXIS2_PLACEMENT_3D('',#4791,#3934,#3935);
#3328=AXIS2_PLACEMENT_3D('',#4797,#3939,#3940);
#3329=AXIS2_PLACEMENT_3D('',#4800,#3943,#3944);
#3330=AXIS2_PLACEMENT_3D('',#4809,#3949,#3950);
#3331=AXIS2_PLACEMENT_3D('',#4815,#3954,#3955);
#3332=AXIS2_PLACEMENT_3D('',#4821,#3959,#3960);
#3333=AXIS2_PLACEMENT_3D('',#4824,#3963,#3964);
#3334=AXIS2_PLACEMENT_3D('',#4833,#3969,#3970);
#3335=AXIS2_PLACEMENT_3D('',#4839,#3974,#3975);
#3336=AXIS2_PLACEMENT_3D('',#4845,#3979,#3980);
#3337=AXIS2_PLACEMENT_3D('',#4848,#3983,#3984);
#3338=AXIS2_PLACEMENT_3D('',#4857,#3989,#3990);
#3339=AXIS2_PLACEMENT_3D('',#4863,#3994,#3995);
#3340=AXIS2_PLACEMENT_3D('',#4869,#3999,#4000);
#3341=AXIS2_PLACEMENT_3D('',#4872,#4003,#4004);
#3342=AXIS2_PLACEMENT_3D('',#4881,#4009,#4010);
#3343=AXIS2_PLACEMENT_3D('',#4887,#4014,#4015);
#3344=AXIS2_PLACEMENT_3D('',#4893,#4019,#4020);
#3345=AXIS2_PLACEMENT_3D('',#4896,#4023,#4024);
#3346=AXIS2_PLACEMENT_3D('',#4927,#4043,#4044);
#3347=AXIS2_PLACEMENT_3D('',#4958,#4063,#4064);
#3348=AXIS2_PLACEMENT_3D('',#4960,#4066,#4067);
#3349=AXIS2_PLACEMENT_3D('',#4962,#4069,#4070);
#3350=AXIS2_PLACEMENT_3D('',#4963,#4071,#4072);
#3351=AXIS2_PLACEMENT_3D('',#4965,#4074,#4075);
#3352=AXIS2_PLACEMENT_3D('',#4967,#4077,#4078);
#3353=AXIS2_PLACEMENT_3D('',#4969,#4080,#4081);
#3354=AXIS2_PLACEMENT_3D('',#4971,#4083,#4084);
#3355=AXIS2_PLACEMENT_3D('',#4972,#4085,#4086);
#3356=AXIS2_PLACEMENT_3D('',#4974,#4088,#4089);
#3357=AXIS2_PLACEMENT_3D('',#4975,#4090,#4091);
#3358=AXIS2_PLACEMENT_3D('',#4976,#4092,#4093);
#3359=AXIS2_PLACEMENT_3D('',#4978,#4095,#4096);
#3360=AXIS2_PLACEMENT_3D('',#4980,#4098,#4099);
#3361=AXIS2_PLACEMENT_3D('',#4982,#4101,#4102);
#3362=AXIS2_PLACEMENT_3D('',#4983,#4103,#4104);
#3363=AXIS2_PLACEMENT_3D('',#4985,#4106,#4107);
#3364=AXIS2_PLACEMENT_3D('',#4987,#4109,#4110);
#3365=DIRECTION('',(0.,0.,1.));
#3366=DIRECTION('',(1.,0.,0.));
#3367=DIRECTION('',(1.,2.44396094107749E-16,0.));
#3368=DIRECTION('',(-2.44396094107749E-16,1.,0.));
#3369=DIRECTION('',(0.,0.,-1.));
#3370=DIRECTION('',(-2.44396094107749E-16,1.,0.));
#3371=DIRECTION('',(0.,0.,-1.));
#3372=DIRECTION('',(-2.44396094107749E-16,1.,0.));
#3373=DIRECTION('',(1.,2.44396094107749E-16,0.));
#3374=DIRECTION('',(-2.44396094107749E-16,1.,0.));
#3375=DIRECTION('',(0.,0.,-1.));
#3376=DIRECTION('',(-2.44396094107749E-16,1.,0.));
#3377=DIRECTION('',(0.,0.,-1.));
#3378=DIRECTION('',(-2.44396094107749E-16,1.,0.));
#3379=DIRECTION('',(0.,0.,-1.));
#3380=DIRECTION('',(-1.,0.,0.));
#3381=DIRECTION('',(0.,0.,1.));
#3382=DIRECTION('',(1.,0.,0.));
#3383=DIRECTION('',(0.,0.,1.));
#3384=DIRECTION('',(1.,0.,0.));
#3385=DIRECTION('',(0.,0.,-1.));
#3386=DIRECTION('',(-1.,0.,0.));
#3387=DIRECTION('',(0.,0.,1.));
#3388=DIRECTION('',(1.,0.,0.));
#3389=DIRECTION('',(0.,0.,-1.));
#3390=DIRECTION('',(0.,0.,1.));
#3391=DIRECTION('',(1.,0.,0.));
#3392=DIRECTION('',(0.,0.,-1.));
#3393=DIRECTION('',(0.,0.,-1.));
#3394=DIRECTION('',(-1.,0.,0.));
#3395=DIRECTION('',(0.,0.,1.));
#3396=DIRECTION('',(1.,0.,0.));
#3397=DIRECTION('',(0.,0.,1.));
#3398=DIRECTION('',(1.,0.,0.));
#3399=DIRECTION('',(0.,0.,-1.));
#3400=DIRECTION('',(-1.,0.,0.));
#3401=DIRECTION('',(0.,0.,1.));
#3402=DIRECTION('',(1.,0.,0.));
#3403=DIRECTION('',(0.,0.,1.));
#3404=DIRECTION('',(1.,0.,0.));
#3405=DIRECTION('',(-1.48690583655155E-15,1.,0.));
#3406=DIRECTION('',(-1.,-1.48690583655155E-15,0.));
#3407=DIRECTION('',(1.,1.48690583655155E-15,0.));
#3408=DIRECTION('',(0.,0.,-1.));
#3409=DIRECTION('',(1.,1.48690583655155E-15,0.));
#3410=DIRECTION('',(0.,0.,-1.));
#3411=DIRECTION('',(1.,0.,0.));
#3412=DIRECTION('',(0.,0.,-1.));
#3413=DIRECTION('',(0.,-1.,0.));
#3414=DIRECTION('',(0.,0.,-1.));
#3415=DIRECTION('',(0.,-1.,0.));
#3416=DIRECTION('',(-1.48690583655155E-15,1.,0.));
#3417=DIRECTION('',(-1.,-1.48690583655155E-15,0.));
#3418=DIRECTION('',(1.,1.48690583655155E-15,0.));
#3419=DIRECTION('',(0.,0.,-1.));
#3420=DIRECTION('',(1.,1.48690583655155E-15,0.));
#3421=DIRECTION('',(1.,0.,0.));
#3422=DIRECTION('',(0.,0.,-1.));
#3423=DIRECTION('',(0.,-1.,0.));
#3424=DIRECTION('',(0.,-1.,0.));
#3425=DIRECTION('',(-1.4559286316234E-15,1.,0.));
#3426=DIRECTION('',(-1.,-1.4559286316234E-15,0.));
#3427=DIRECTION('',(1.,1.4559286316234E-15,0.));
#3428=DIRECTION('',(0.,0.,-1.));
#3429=DIRECTION('',(1.,1.4559286316234E-15,0.));
#3430=DIRECTION('',(0.,0.,-1.));
#3431=DIRECTION('',(1.,0.,0.));
#3432=DIRECTION('',(0.,0.,-1.));
#3433=DIRECTION('',(0.,-1.,0.));
#3434=DIRECTION('',(0.,0.,-1.));
#3435=DIRECTION('',(0.,-1.,0.));
#3436=DIRECTION('',(-1.48690583655155E-15,1.,0.));
#3437=DIRECTION('',(-1.,-1.48690583655155E-15,0.));
#3438=DIRECTION('',(1.,1.48690583655155E-15,0.));
#3439=DIRECTION('',(0.,0.,-1.));
#3440=DIRECTION('',(1.,1.48690583655155E-15,0.));
#3441=DIRECTION('',(1.,0.,0.));
#3442=DIRECTION('',(0.,0.,-1.));
#3443=DIRECTION('',(0.,-1.,0.));
#3444=DIRECTION('',(0.,-1.,0.));
#3445=DIRECTION('',(-1.48690583655155E-15,1.,0.));
#3446=DIRECTION('',(-1.,-1.48690583655155E-15,0.));
#3447=DIRECTION('',(1.,1.48690583655155E-15,0.));
#3448=DIRECTION('',(0.,0.,-1.));
#3449=DIRECTION('',(1.,1.48690583655155E-15,0.));
#3450=DIRECTION('',(0.,0.,-1.));
#3451=DIRECTION('',(1.,0.,0.));
#3452=DIRECTION('',(0.,0.,-1.));
#3453=DIRECTION('',(0.,-1.,0.));
#3454=DIRECTION('',(0.,0.,-1.));
#3455=DIRECTION('',(0.,-1.,0.));
#3456=DIRECTION('',(-1.48690583655155E-15,1.,0.));
#3457=DIRECTION('',(-1.,-1.48690583655155E-15,0.));
#3458=DIRECTION('',(1.,1.48690583655155E-15,0.));
#3459=DIRECTION('',(0.,0.,-1.));
#3460=DIRECTION('',(1.,1.48690583655155E-15,0.));
#3461=DIRECTION('',(1.,0.,0.));
#3462=DIRECTION('',(0.,0.,-1.));
#3463=DIRECTION('',(0.,-1.,0.));
#3464=DIRECTION('',(0.,-1.,0.));
#3465=DIRECTION('',(0.,1.,0.));
#3466=DIRECTION('',(0.,0.,1.));
#3467=DIRECTION('',(1.,0.,0.));
#3468=DIRECTION('',(0.,0.,-1.));
#3469=DIRECTION('',(1.,0.,0.));
#3470=DIRECTION('',(0.,0.,-1.));
#3471=DIRECTION('',(1.,0.,0.));
#3472=DIRECTION('',(0.,0.,-1.));
#3473=DIRECTION('',(0.,-1.,0.));
#3474=DIRECTION('',(0.,0.,-1.));
#3475=DIRECTION('',(0.,-1.,0.));
#3476=DIRECTION('',(0.,1.,0.));
#3477=DIRECTION('',(0.,0.,1.));
#3478=DIRECTION('',(1.,0.,0.));
#3479=DIRECTION('',(0.,0.,-1.));
#3480=DIRECTION('',(1.,0.,0.));
#3481=DIRECTION('',(1.,0.,0.));
#3482=DIRECTION('',(0.,0.,-1.));
#3483=DIRECTION('',(0.,-1.,0.));
#3484=DIRECTION('',(0.,-1.,0.));
#3485=DIRECTION('',(0.,1.,0.));
#3486=DIRECTION('',(0.,0.,1.));
#3487=DIRECTION('',(1.,0.,0.));
#3488=DIRECTION('',(0.,0.,-1.));
#3489=DIRECTION('',(1.,0.,0.));
#3490=DIRECTION('',(0.,0.,-1.));
#3491=DIRECTION('',(1.,0.,0.));
#3492=DIRECTION('',(0.,0.,-1.));
#3493=DIRECTION('',(0.,-1.,0.));
#3494=DIRECTION('',(0.,0.,-1.));
#3495=DIRECTION('',(0.,-1.,0.));
#3496=DIRECTION('',(0.,1.,0.));
#3497=DIRECTION('',(0.,0.,1.));
#3498=DIRECTION('',(1.,0.,0.));
#3499=DIRECTION('',(0.,0.,-1.));
#3500=DIRECTION('',(1.,0.,0.));
#3501=DIRECTION('',(1.,0.,0.));
#3502=DIRECTION('',(0.,0.,-1.));
#3503=DIRECTION('',(0.,-1.,0.));
#3504=DIRECTION('',(0.,-1.,0.));
#3505=DIRECTION('',(0.,1.,0.));
#3506=DIRECTION('',(0.,0.,1.));
#3507=DIRECTION('',(1.,0.,0.));
#3508=DIRECTION('',(0.,0.,-1.));
#3509=DIRECTION('',(1.,0.,0.));
#3510=DIRECTION('',(0.,0.,-1.));
#3511=DIRECTION('',(1.,0.,0.));
#3512=DIRECTION('',(0.,0.,-1.));
#3513=DIRECTION('',(0.,-1.,0.));
#3514=DIRECTION('',(0.,0.,-1.));
#3515=DIRECTION('',(0.,-1.,0.));
#3516=DIRECTION('',(0.,1.,0.));
#3517=DIRECTION('',(0.,0.,1.));
#3518=DIRECTION('',(1.,0.,0.));
#3519=DIRECTION('',(0.,0.,-1.));
#3520=DIRECTION('',(1.,0.,0.));
#3521=DIRECTION('',(1.,0.,0.));
#3522=DIRECTION('',(0.,0.,-1.));
#3523=DIRECTION('',(0.,-1.,0.));
#3524=DIRECTION('',(0.,-1.,0.));
#3525=DIRECTION('',(0.,1.,0.));
#3526=DIRECTION('',(0.,0.,1.));
#3527=DIRECTION('',(1.,0.,0.));
#3528=DIRECTION('',(0.,0.,-1.));
#3529=DIRECTION('',(1.,0.,0.));
#3530=DIRECTION('',(0.,0.,-1.));
#3531=DIRECTION('',(1.,0.,0.));
#3532=DIRECTION('',(0.,0.,-1.));
#3533=DIRECTION('',(0.,-1.,0.));
#3534=DIRECTION('',(0.,0.,-1.));
#3535=DIRECTION('',(0.,-1.,0.));
#3536=DIRECTION('',(0.,1.,0.));
#3537=DIRECTION('',(0.,0.,1.));
#3538=DIRECTION('',(1.,0.,0.));
#3539=DIRECTION('',(0.,0.,-1.));
#3540=DIRECTION('',(1.,0.,0.));
#3541=DIRECTION('',(1.,0.,0.));
#3542=DIRECTION('',(0.,0.,-1.));
#3543=DIRECTION('',(0.,-1.,0.));
#3544=DIRECTION('',(0.,-1.,0.));
#3545=DIRECTION('',(0.,1.,0.));
#3546=DIRECTION('',(0.,0.,1.));
#3547=DIRECTION('',(1.,0.,0.));
#3548=DIRECTION('',(0.,0.,-1.));
#3549=DIRECTION('',(1.,0.,0.));
#3550=DIRECTION('',(0.,0.,-1.));
#3551=DIRECTION('',(1.,0.,0.));
#3552=DIRECTION('',(0.,0.,-1.));
#3553=DIRECTION('',(0.,-1.,0.));
#3554=DIRECTION('',(0.,0.,-1.));
#3555=DIRECTION('',(0.,-1.,0.));
#3556=DIRECTION('',(0.,1.,0.));
#3557=DIRECTION('',(0.,0.,1.));
#3558=DIRECTION('',(1.,0.,0.));
#3559=DIRECTION('',(0.,0.,-1.));
#3560=DIRECTION('',(1.,0.,0.));
#3561=DIRECTION('',(1.,0.,0.));
#3562=DIRECTION('',(0.,0.,-1.));
#3563=DIRECTION('',(0.,-1.,0.));
#3564=DIRECTION('',(0.,-1.,0.));
#3565=DIRECTION('',(0.,0.,-1.));
#3566=DIRECTION('',(-1.,0.,0.));
#3567=DIRECTION('',(0.,0.,1.));
#3568=DIRECTION('',(1.,0.,0.));
#3569=DIRECTION('',(0.,0.,-1.));
#3570=DIRECTION('',(0.,0.,1.));
#3571=DIRECTION('',(1.,0.,0.));
#3572=DIRECTION('',(0.,0.,-1.));
#3573=DIRECTION('',(1.,0.,0.));
#3574=DIRECTION('',(0.,0.,-1.));
#3575=DIRECTION('',(0.,-1.,0.));
#3576=DIRECTION('',(0.,0.,-1.));
#3577=DIRECTION('',(0.,-1.,0.));
#3578=DIRECTION('',(0.,0.,-1.));
#3579=DIRECTION('',(-1.,0.,0.));
#3580=DIRECTION('',(0.,0.,1.));
#3581=DIRECTION('',(1.,0.,0.));
#3582=DIRECTION('',(0.,0.,-1.));
#3583=DIRECTION('',(0.,0.,1.));
#3584=DIRECTION('',(1.,0.,0.));
#3585=DIRECTION('',(0.,1.,0.));
#3586=DIRECTION('',(0.,0.,1.));
#3587=DIRECTION('',(1.,0.,0.));
#3588=DIRECTION('',(0.,0.,1.));
#3589=DIRECTION('',(1.,0.,0.));
#3590=DIRECTION('',(1.,0.,0.));
#3591=DIRECTION('',(0.,0.,-1.));
#3592=DIRECTION('',(0.,-1.,0.));
#3593=DIRECTION('',(0.,0.,-1.));
#3594=DIRECTION('',(0.,-1.,0.));
#3595=DIRECTION('',(-1.95419455699294E-15,1.,0.));
#3596=DIRECTION('',(-1.,-1.95419455699294E-15,0.));
#3597=DIRECTION('',(1.,1.95419455699294E-15,0.));
#3598=DIRECTION('',(0.,0.,-1.));
#3599=DIRECTION('',(1.,1.95419455699294E-15,0.));
#3600=DIRECTION('',(1.,0.,0.));
#3601=DIRECTION('',(0.,0.,-1.));
#3602=DIRECTION('',(0.,-1.,0.));
#3603=DIRECTION('',(0.,0.,1.));
#3604=DIRECTION('',(0.,-1.,0.));
#3605=DIRECTION('',(1.,4.95635278850516E-16,0.));
#3606=DIRECTION('',(-4.95635278850516E-16,1.,0.));
#3607=DIRECTION('',(4.95635278850516E-16,-1.,0.));
#3608=DIRECTION('',(0.,0.,-1.));
#3609=DIRECTION('',(4.95635278850516E-16,-1.,0.));
#3610=DIRECTION('',(0.,0.,-1.));
#3611=DIRECTION('',(1.,7.43452918275774E-16,0.));
#3612=DIRECTION('',(-7.43452918275774E-16,1.,0.));
#3613=DIRECTION('',(7.43452918275774E-16,-1.,0.));
#3614=DIRECTION('',(0.,0.,-1.));
#3615=DIRECTION('',(7.43452918275774E-16,-1.,0.));
#3616=DIRECTION('',(0.,0.,-1.));
#3617=DIRECTION('',(1.,2.47817639425258E-16,0.));
#3618=DIRECTION('',(-2.47817639425258E-16,1.,0.));
#3619=DIRECTION('',(2.47817639425258E-16,-1.,0.));
#3620=DIRECTION('',(0.,0.,-1.));
#3621=DIRECTION('',(2.47817639425258E-16,-1.,0.));
#3622=DIRECTION('',(0.,0.,-1.));
#3623=DIRECTION('',(0.,1.,0.));
#3624=DIRECTION('',(0.,0.,1.));
#3625=DIRECTION('',(1.,0.,0.));
#3626=DIRECTION('',(0.,0.,-1.));
#3627=DIRECTION('',(1.,0.,0.));
#3628=DIRECTION('',(0.,0.,-1.));
#3629=DIRECTION('',(1.,0.,0.));
#3630=DIRECTION('',(0.,0.,-1.));
#3631=DIRECTION('',(0.,-1.,0.));
#3632=DIRECTION('',(0.,0.,-1.));
#3633=DIRECTION('',(0.,-1.,0.));
#3634=DIRECTION('',(0.,1.,0.));
#3635=DIRECTION('',(0.,0.,1.));
#3636=DIRECTION('',(1.,0.,0.));
#3637=DIRECTION('',(0.,0.,-1.));
#3638=DIRECTION('',(1.,0.,0.));
#3639=DIRECTION('',(1.,0.,0.));
#3640=DIRECTION('',(0.,0.,-1.));
#3641=DIRECTION('',(0.,-1.,0.));
#3642=DIRECTION('',(0.,-1.,0.));
#3643=DIRECTION('',(0.,1.,0.));
#3644=DIRECTION('',(0.,0.,1.));
#3645=DIRECTION('',(1.,0.,0.));
#3646=DIRECTION('',(0.,0.,-1.));
#3647=DIRECTION('',(1.,0.,0.));
#3648=DIRECTION('',(0.,0.,-1.));
#3649=DIRECTION('',(1.,0.,0.));
#3650=DIRECTION('',(0.,0.,-1.));
#3651=DIRECTION('',(0.,-1.,0.));
#3652=DIRECTION('',(0.,0.,-1.));
#3653=DIRECTION('',(0.,-1.,0.));
#3654=DIRECTION('',(0.,1.,0.));
#3655=DIRECTION('',(0.,0.,1.));
#3656=DIRECTION('',(1.,0.,0.));
#3657=DIRECTION('',(0.,0.,-1.));
#3658=DIRECTION('',(1.,0.,0.));
#3659=DIRECTION('',(1.,0.,0.));
#3660=DIRECTION('',(0.,0.,-1.));
#3661=DIRECTION('',(0.,-1.,0.));
#3662=DIRECTION('',(0.,-1.,0.));
#3663=DIRECTION('',(0.,1.,0.));
#3664=DIRECTION('',(0.,0.,1.));
#3665=DIRECTION('',(1.,0.,0.));
#3666=DIRECTION('',(0.,0.,-1.));
#3667=DIRECTION('',(1.,0.,0.));
#3668=DIRECTION('',(0.,0.,-1.));
#3669=DIRECTION('',(1.,0.,0.));
#3670=DIRECTION('',(0.,0.,-1.));
#3671=DIRECTION('',(0.,-1.,0.));
#3672=DIRECTION('',(0.,0.,-1.));
#3673=DIRECTION('',(0.,-1.,0.));
#3674=DIRECTION('',(0.,1.,0.));
#3675=DIRECTION('',(0.,0.,1.));
#3676=DIRECTION('',(1.,0.,0.));
#3677=DIRECTION('',(0.,0.,-1.));
#3678=DIRECTION('',(1.,0.,0.));
#3679=DIRECTION('',(1.,0.,0.));
#3680=DIRECTION('',(0.,0.,-1.));
#3681=DIRECTION('',(0.,-1.,0.));
#3682=DIRECTION('',(0.,-1.,0.));
#3683=DIRECTION('',(-4.95635278850517E-16,1.,0.));
#3684=DIRECTION('',(-1.,-4.95635278850517E-16,0.));
#3685=DIRECTION('',(1.,4.95635278850517E-16,0.));
#3686=DIRECTION('',(0.,0.,-1.));
#3687=DIRECTION('',(1.,4.95635278850517E-16,0.));
#3688=DIRECTION('',(0.,0.,-1.));
#3689=DIRECTION('',(1.,0.,0.));
#3690=DIRECTION('',(0.,0.,-1.));
#3691=DIRECTION('',(0.,-1.,0.));
#3692=DIRECTION('',(0.,0.,-1.));
#3693=DIRECTION('',(0.,-1.,0.));
#3694=DIRECTION('',(-4.95635278850517E-16,1.,0.));
#3695=DIRECTION('',(-1.,-4.95635278850517E-16,0.));
#3696=DIRECTION('',(1.,4.95635278850517E-16,0.));
#3697=DIRECTION('',(0.,0.,-1.));
#3698=DIRECTION('',(1.,4.95635278850517E-16,0.));
#3699=DIRECTION('',(1.,0.,0.));
#3700=DIRECTION('',(0.,0.,-1.));
#3701=DIRECTION('',(0.,-1.,0.));
#3702=DIRECTION('',(0.,-1.,0.));
#3703=DIRECTION('',(-4.95635278850517E-16,1.,0.));
#3704=DIRECTION('',(-1.,-4.95635278850517E-16,0.));
#3705=DIRECTION('',(1.,4.95635278850517E-16,0.));
#3706=DIRECTION('',(0.,0.,-1.));
#3707=DIRECTION('',(1.,4.95635278850517E-16,0.));
#3708=DIRECTION('',(0.,0.,-1.));
#3709=DIRECTION('',(1.,0.,0.));
#3710=DIRECTION('',(0.,0.,-1.));
#3711=DIRECTION('',(0.,-1.,0.));
#3712=DIRECTION('',(0.,0.,-1.));
#3713=DIRECTION('',(0.,-1.,0.));
#3714=DIRECTION('',(-4.95635278850517E-16,1.,0.));
#3715=DIRECTION('',(-1.,-4.95635278850517E-16,0.));
#3716=DIRECTION('',(1.,4.95635278850517E-16,0.));
#3717=DIRECTION('',(0.,0.,-1.));
#3718=DIRECTION('',(1.,4.95635278850517E-16,0.));
#3719=DIRECTION('',(1.,0.,0.));
#3720=DIRECTION('',(0.,0.,-1.));
#3721=DIRECTION('',(0.,-1.,0.));
#3722=DIRECTION('',(0.,-1.,0.));
#3723=DIRECTION('',(-4.95635278850517E-16,1.,0.));
#3724=DIRECTION('',(-1.,-4.95635278850517E-16,0.));
#3725=DIRECTION('',(1.,4.95635278850517E-16,0.));
#3726=DIRECTION('',(0.,0.,-1.));
#3727=DIRECTION('',(1.,4.95635278850517E-16,0.));
#3728=DIRECTION('',(0.,0.,-1.));
#3729=DIRECTION('',(1.,0.,0.));
#3730=DIRECTION('',(0.,0.,-1.));
#3731=DIRECTION('',(0.,-1.,0.));
#3732=DIRECTION('',(0.,0.,-1.));
#3733=DIRECTION('',(0.,-1.,0.));
#3734=DIRECTION('',(-4.95635278850517E-16,1.,0.));
#3735=DIRECTION('',(-1.,-4.95635278850517E-16,0.));
#3736=DIRECTION('',(1.,4.95635278850517E-16,0.));
#3737=DIRECTION('',(0.,0.,-1.));
#3738=DIRECTION('',(1.,4.95635278850517E-16,0.));
#3739=DIRECTION('',(1.,2.47817639425259E-16,0.));
#3740=DIRECTION('',(-2.47817639425259E-16,1.,0.));
#3741=DIRECTION('',(2.47817639425259E-16,-1.,0.));
#3742=DIRECTION('',(2.47817639425259E-16,-1.,0.));
#3743=DIRECTION('',(0.,1.,0.));
#3744=DIRECTION('',(0.,0.,1.));
#3745=DIRECTION('',(1.,0.,0.));
#3746=DIRECTION('',(0.,0.,-1.));
#3747=DIRECTION('',(1.,0.,0.));
#3748=DIRECTION('',(0.,0.,-1.));
#3749=DIRECTION('',(1.,1.98254111540207E-15,0.));
#3750=DIRECTION('',(-1.98254111540207E-15,1.,0.));
#3751=DIRECTION('',(1.98254111540207E-15,-1.,0.));
#3752=DIRECTION('',(0.,0.,-1.));
#3753=DIRECTION('',(1.98254111540207E-15,-1.,0.));
#3754=DIRECTION('',(0.,1.,0.));
#3755=DIRECTION('',(0.,0.,1.));
#3756=DIRECTION('',(1.,0.,0.));
#3757=DIRECTION('',(0.,0.,-1.));
#3758=DIRECTION('',(1.,0.,0.));
#3759=DIRECTION('',(1.,1.98254111540207E-15,0.));
#3760=DIRECTION('',(-1.98254111540207E-15,1.,0.));
#3761=DIRECTION('',(1.98254111540207E-15,-1.,0.));
#3762=DIRECTION('',(1.98254111540207E-15,-1.,0.));
#3763=DIRECTION('',(-9.91270557701033E-16,1.,0.));
#3764=DIRECTION('',(-1.,-9.91270557701033E-16,0.));
#3765=DIRECTION('',(1.,9.91270557701033E-16,0.));
#3766=DIRECTION('',(0.,0.,-1.));
#3767=DIRECTION('',(1.,9.91270557701033E-16,0.));
#3768=DIRECTION('',(0.,0.,-1.));
#3769=DIRECTION('',(1.,0.,0.));
#3770=DIRECTION('',(0.,0.,-1.));
#3771=DIRECTION('',(0.,-1.,0.));
#3772=DIRECTION('',(0.,0.,-1.));
#3773=DIRECTION('',(0.,-1.,0.));
#3774=DIRECTION('',(-9.91270557701033E-16,1.,0.));
#3775=DIRECTION('',(-1.,-9.91270557701033E-16,0.));
#3776=DIRECTION('',(1.,9.91270557701033E-16,0.));
#3777=DIRECTION('',(0.,0.,-1.));
#3778=DIRECTION('',(1.,9.91270557701033E-16,0.));
#3779=DIRECTION('',(1.,0.,0.));
#3780=DIRECTION('',(0.,0.,-1.));
#3781=DIRECTION('',(0.,-1.,0.));
#3782=DIRECTION('',(0.,-1.,0.));
#3783=DIRECTION('',(-9.60293352772876E-16,1.,0.));
#3784=DIRECTION('',(-1.,-9.60293352772876E-16,0.));
#3785=DIRECTION('',(1.,9.60293352772876E-16,0.));
#3786=DIRECTION('',(0.,0.,-1.));
#3787=DIRECTION('',(1.,9.60293352772876E-16,0.));
#3788=DIRECTION('',(0.,0.,-1.));
#3789=DIRECTION('',(1.,0.,0.));
#3790=DIRECTION('',(0.,0.,-1.));
#3791=DIRECTION('',(0.,-1.,0.));
#3792=DIRECTION('',(0.,0.,-1.));
#3793=DIRECTION('',(0.,-1.,0.));
#3794=DIRECTION('',(-9.91270557701033E-16,1.,0.));
#3795=DIRECTION('',(-1.,-9.91270557701033E-16,0.));
#3796=DIRECTION('',(1.,9.91270557701033E-16,0.));
#3797=DIRECTION('',(0.,0.,-1.));
#3798=DIRECTION('',(1.,9.91270557701033E-16,0.));
#3799=DIRECTION('',(1.,4.95635278850518E-16,0.));
#3800=DIRECTION('',(-4.95635278850518E-16,1.,0.));
#3801=DIRECTION('',(4.95635278850518E-16,-1.,0.));
#3802=DIRECTION('',(4.95635278850518E-16,-1.,0.));
#3803=DIRECTION('',(-7.12475713347617E-16,1.,0.));
#3804=DIRECTION('',(-1.,-7.12475713347617E-16,0.));
#3805=DIRECTION('',(1.,7.12475713347617E-16,0.));
#3806=DIRECTION('',(0.,0.,-1.));
#3807=DIRECTION('',(1.,7.12475713347617E-16,0.));
#3808=DIRECTION('',(0.,0.,-1.));
#3809=DIRECTION('',(1.,4.95635278850516E-16,0.));
#3810=DIRECTION('',(-4.95635278850516E-16,1.,0.));
#3811=DIRECTION('',(4.95635278850516E-16,-1.,0.));
#3812=DIRECTION('',(0.,0.,-1.));
#3813=DIRECTION('',(4.95635278850516E-16,-1.,0.));
#3814=DIRECTION('',(-7.43452918275775E-16,1.,0.));
#3815=DIRECTION('',(-1.,-7.43452918275775E-16,0.));
#3816=DIRECTION('',(1.,7.43452918275775E-16,0.));
#3817=DIRECTION('',(0.,0.,-1.));
#3818=DIRECTION('',(1.,7.43452918275775E-16,0.));
#3819=DIRECTION('',(1.,4.95635278850517E-16,0.));
#3820=DIRECTION('',(-4.95635278850517E-16,1.,0.));
#3821=DIRECTION('',(4.95635278850516E-16,-1.,0.));
#3822=DIRECTION('',(4.95635278850516E-16,-1.,0.));
#3823=DIRECTION('',(-7.43452918275775E-16,1.,0.));
#3824=DIRECTION('',(-1.,-7.43452918275775E-16,0.));
#3825=DIRECTION('',(1.,7.43452918275775E-16,0.));
#3826=DIRECTION('',(0.,0.,-1.));
#3827=DIRECTION('',(1.,7.43452918275775E-16,0.));
#3828=DIRECTION('',(0.,0.,-1.));
#3829=DIRECTION('',(1.,0.,0.));
#3830=DIRECTION('',(0.,0.,-1.));
#3831=DIRECTION('',(0.,-1.,0.));
#3832=DIRECTION('',(0.,0.,-1.));
#3833=DIRECTION('',(0.,-1.,0.));
#3834=DIRECTION('',(-7.43452918275775E-16,1.,0.));
#3835=DIRECTION('',(-1.,-7.43452918275775E-16,0.));
#3836=DIRECTION('',(1.,7.43452918275775E-16,0.));
#3837=DIRECTION('',(0.,0.,-1.));
#3838=DIRECTION('',(1.,7.43452918275775E-16,0.));
#3839=DIRECTION('',(1.,0.,0.));
#3840=DIRECTION('',(0.,0.,-1.));
#3841=DIRECTION('',(0.,-1.,0.));
#3842=DIRECTION('',(0.,-1.,0.));
#3843=DIRECTION('',(-9.91270557701034E-16,1.,0.));
#3844=DIRECTION('',(-1.,-9.91270557701034E-16,0.));
#3845=DIRECTION('',(1.,9.91270557701034E-16,0.));
#3846=DIRECTION('',(0.,0.,-1.));
#3847=DIRECTION('',(1.,9.91270557701034E-16,0.));
#3848=DIRECTION('',(0.,0.,-1.));
#3849=DIRECTION('',(1.,0.,0.));
#3850=DIRECTION('',(0.,0.,-1.));
#3851=DIRECTION('',(0.,-1.,0.));
#3852=DIRECTION('',(0.,0.,-1.));
#3853=DIRECTION('',(0.,-1.,0.));
#3854=DIRECTION('',(-9.91270557701034E-16,1.,0.));
#3855=DIRECTION('',(-1.,-9.91270557701034E-16,0.));
#3856=DIRECTION('',(1.,9.91270557701034E-16,0.));
#3857=DIRECTION('',(0.,0.,-1.));
#3858=DIRECTION('',(1.,9.91270557701034E-16,0.));
#3859=DIRECTION('',(1.,0.,0.));
#3860=DIRECTION('',(0.,0.,-1.));
#3861=DIRECTION('',(0.,-1.,0.));
#3862=DIRECTION('',(0.,-1.,0.));
#3863=DIRECTION('',(-9.91270557701034E-16,1.,0.));
#3864=DIRECTION('',(-1.,-9.91270557701034E-16,0.));
#3865=DIRECTION('',(1.,9.91270557701034E-16,0.));
#3866=DIRECTION('',(0.,0.,-1.));
#3867=DIRECTION('',(1.,9.91270557701034E-16,0.));
#3868=DIRECTION('',(0.,0.,-1.));
#3869=DIRECTION('',(1.,0.,0.));
#3870=DIRECTION('',(0.,0.,-1.));
#3871=DIRECTION('',(0.,-1.,0.));
#3872=DIRECTION('',(0.,0.,-1.));
#3873=DIRECTION('',(0.,-1.,0.));
#3874=DIRECTION('',(-9.91270557701034E-16,1.,0.));
#3875=DIRECTION('',(-1.,-9.91270557701034E-16,0.));
#3876=DIRECTION('',(1.,9.91270557701034E-16,0.));
#3877=DIRECTION('',(0.,0.,-1.));
#3878=DIRECTION('',(1.,9.91270557701034E-16,0.));
#3879=DIRECTION('',(1.,0.,0.));
#3880=DIRECTION('',(0.,0.,-1.));
#3881=DIRECTION('',(0.,-1.,0.));
#3882=DIRECTION('',(0.,-1.,0.));
#3883=DIRECTION('',(-1.23908819712629E-15,1.,0.));
#3884=DIRECTION('',(-1.,-1.23908819712629E-15,0.));
#3885=DIRECTION('',(1.,1.23908819712629E-15,0.));
#3886=DIRECTION('',(0.,0.,-1.));
#3887=DIRECTION('',(1.,1.23908819712629E-15,0.));
#3888=DIRECTION('',(0.,0.,-1.));
#3889=DIRECTION('',(1.,4.95635278850516E-16,0.));
#3890=DIRECTION('',(-4.95635278850516E-16,1.,0.));
#3891=DIRECTION('',(4.95635278850516E-16,-1.,0.));
#3892=DIRECTION('',(0.,0.,-1.));
#3893=DIRECTION('',(4.95635278850516E-16,-1.,0.));
#3894=DIRECTION('',(-1.23908819712629E-15,1.,0.));
#3895=DIRECTION('',(-1.,-1.23908819712629E-15,0.));
#3896=DIRECTION('',(1.,1.23908819712629E-15,0.));
#3897=DIRECTION('',(0.,0.,-1.));
#3898=DIRECTION('',(1.,1.23908819712629E-15,0.));
#3899=DIRECTION('',(1.,4.95635278850516E-16,0.));
#3900=DIRECTION('',(-4.95635278850516E-16,1.,0.));
#3901=DIRECTION('',(4.95635278850516E-16,-1.,0.));
#3902=DIRECTION('',(4.95635278850516E-16,-1.,0.));
#3903=DIRECTION('',(-4.95635278850516E-16,1.,0.));
#3904=DIRECTION('',(-1.,-4.95635278850516E-16,0.));
#3905=DIRECTION('',(1.,4.95635278850516E-16,0.));
#3906=DIRECTION('',(0.,0.,-1.));
#3907=DIRECTION('',(1.,4.95635278850516E-16,0.));
#3908=DIRECTION('',(0.,0.,-1.));
#3909=DIRECTION('',(1.,4.95635278850517E-16,0.));
#3910=DIRECTION('',(-4.95635278850517E-16,1.,0.));
#3911=DIRECTION('',(4.95635278850516E-16,-1.,0.));
#3912=DIRECTION('',(0.,0.,-1.));
#3913=DIRECTION('',(4.95635278850516E-16,-1.,0.));
#3914=DIRECTION('',(-4.33680868994202E-16,1.,0.));
#3915=DIRECTION('',(-1.,-4.33680868994202E-16,0.));
#3916=DIRECTION('',(1.,4.33680868994202E-16,0.));
#3917=DIRECTION('',(0.,0.,-1.));
#3918=DIRECTION('',(1.,4.33680868994202E-16,0.));
#3919=DIRECTION('',(1.,4.95635278850516E-16,0.));
#3920=DIRECTION('',(-4.95635278850516E-16,1.,0.));
#3921=DIRECTION('',(4.95635278850516E-16,-1.,0.));
#3922=DIRECTION('',(4.95635278850516E-16,-1.,0.));
#3923=DIRECTION('',(-2.28774604737353E-16,1.,0.));
#3924=DIRECTION('',(-1.,-2.28774604737353E-16,0.));
#3925=DIRECTION('',(1.,2.28774604737353E-16,0.));
#3926=DIRECTION('',(0.,0.,-1.));
#3927=DIRECTION('',(1.,2.28774604737353E-16,0.));
#3928=DIRECTION('',(0.,0.,-1.));
#3929=DIRECTION('',(1.,0.,0.));
#3930=DIRECTION('',(0.,0.,-1.));
#3931=DIRECTION('',(0.,-1.,0.));
#3932=DIRECTION('',(0.,0.,-1.));
#3933=DIRECTION('',(0.,-1.,0.));
#3934=DIRECTION('',(-2.28774604737353E-16,1.,0.));
#3935=DIRECTION('',(-1.,-2.28774604737353E-16,0.));
#3936=DIRECTION('',(1.,2.28774604737353E-16,0.));
#3937=DIRECTION('',(0.,0.,-1.));
#3938=DIRECTION('',(1.,2.28774604737353E-16,0.));
#3939=DIRECTION('',(1.,0.,0.));
#3940=DIRECTION('',(0.,0.,-1.));
#3941=DIRECTION('',(0.,-1.,0.));
#3942=DIRECTION('',(0.,-1.,0.));
#3943=DIRECTION('',(-4.95635278850517E-16,1.,0.));
#3944=DIRECTION('',(-1.,-4.95635278850517E-16,0.));
#3945=DIRECTION('',(1.,4.95635278850516E-16,0.));
#3946=DIRECTION('',(0.,0.,-1.));
#3947=DIRECTION('',(1.,4.95635278850516E-16,0.));
#3948=DIRECTION('',(0.,0.,-1.));
#3949=DIRECTION('',(1.,0.,0.));
#3950=DIRECTION('',(0.,0.,-1.));
#3951=DIRECTION('',(0.,-1.,0.));
#3952=DIRECTION('',(0.,0.,-1.));
#3953=DIRECTION('',(0.,-1.,0.));
#3954=DIRECTION('',(-2.47817639425259E-16,1.,0.));
#3955=DIRECTION('',(-1.,-2.47817639425259E-16,0.));
#3956=DIRECTION('',(1.,2.47817639425258E-16,0.));
#3957=DIRECTION('',(0.,0.,-1.));
#3958=DIRECTION('',(1.,2.47817639425258E-16,0.));
#3959=DIRECTION('',(1.,0.,0.));
#3960=DIRECTION('',(0.,0.,-1.));
#3961=DIRECTION('',(0.,-1.,0.));
#3962=DIRECTION('',(0.,-1.,0.));
#3963=DIRECTION('',(-1.48690583655155E-15,1.,0.));
#3964=DIRECTION('',(-1.,-1.48690583655155E-15,0.));
#3965=DIRECTION('',(1.,1.48690583655155E-15,0.));
#3966=DIRECTION('',(0.,0.,-1.));
#3967=DIRECTION('',(1.,1.48690583655155E-15,0.));
#3968=DIRECTION('',(0.,0.,-1.));
#3969=DIRECTION('',(1.,0.,0.));
#3970=DIRECTION('',(0.,0.,-1.));
#3971=DIRECTION('',(0.,-1.,0.));
#3972=DIRECTION('',(0.,0.,-1.));
#3973=DIRECTION('',(0.,-1.,0.));
#3974=DIRECTION('',(-1.23908819712629E-15,1.,0.));
#3975=DIRECTION('',(-1.,-1.23908819712629E-15,0.));
#3976=DIRECTION('',(1.,1.23908819712629E-15,0.));
#3977=DIRECTION('',(0.,0.,-1.));
#3978=DIRECTION('',(1.,1.23908819712629E-15,0.));
#3979=DIRECTION('',(1.,0.,0.));
#3980=DIRECTION('',(0.,0.,-1.));
#3981=DIRECTION('',(0.,-1.,0.));
#3982=DIRECTION('',(0.,-1.,0.));
#3983=DIRECTION('',(-1.48690583655155E-15,1.,0.));
#3984=DIRECTION('',(-1.,-1.48690583655155E-15,0.));
#3985=DIRECTION('',(1.,1.48690583655155E-15,0.));
#3986=DIRECTION('',(0.,0.,-1.));
#3987=DIRECTION('',(1.,1.48690583655155E-15,0.));
#3988=DIRECTION('',(0.,0.,-1.));
#3989=DIRECTION('',(1.,0.,0.));
#3990=DIRECTION('',(0.,0.,-1.));
#3991=DIRECTION('',(0.,-1.,0.));
#3992=DIRECTION('',(0.,0.,-1.));
#3993=DIRECTION('',(0.,-1.,0.));
#3994=DIRECTION('',(-1.23908819712629E-15,1.,0.));
#3995=DIRECTION('',(-1.,-1.23908819712629E-15,0.));
#3996=DIRECTION('',(1.,1.23908819712629E-15,0.));
#3997=DIRECTION('',(0.,0.,-1.));
#3998=DIRECTION('',(1.,1.23908819712629E-15,0.));
#3999=DIRECTION('',(1.,0.,0.));
#4000=DIRECTION('',(0.,0.,-1.));
#4001=DIRECTION('',(0.,-1.,0.));
#4002=DIRECTION('',(0.,-1.,0.));
#4003=DIRECTION('',(0.,1.,0.));
#4004=DIRECTION('',(0.,0.,1.));
#4005=DIRECTION('',(1.,0.,0.));
#4006=DIRECTION('',(0.,0.,-1.));
#4007=DIRECTION('',(1.,0.,0.));
#4008=DIRECTION('',(0.,0.,-1.));
#4009=DIRECTION('',(1.,0.,0.));
#4010=DIRECTION('',(0.,0.,-1.));
#4011=DIRECTION('',(0.,-1.,0.));
#4012=DIRECTION('',(0.,0.,-1.));
#4013=DIRECTION('',(0.,-1.,0.));
#4014=DIRECTION('',(-2.47817639425259E-16,1.,0.));
#4015=DIRECTION('',(-1.,-2.47817639425259E-16,0.));
#4016=DIRECTION('',(1.,2.47817639425258E-16,0.));
#4017=DIRECTION('',(0.,0.,-1.));
#4018=DIRECTION('',(1.,2.47817639425258E-16,0.));
#4019=DIRECTION('',(1.,0.,0.));
#4020=DIRECTION('',(0.,0.,-1.));
#4021=DIRECTION('',(0.,-1.,0.));
#4022=DIRECTION('',(0.,-1.,0.));
#4023=DIRECTION('',(0.,0.,1.));
#4024=DIRECTION('',(1.,0.,0.));
#4025=DIRECTION('',(1.,0.,0.));
#4026=DIRECTION('',(-2.44396094107749E-16,1.,0.));
#4027=DIRECTION('',(0.707106781186547,0.707106781186548,0.));
#4028=DIRECTION('',(0.,-1.,0.));
#4029=DIRECTION('',(-0.707106781186548,0.707106781186548,0.));
#4030=DIRECTION('',(1.,0.,0.));
#4031=DIRECTION('',(1.,0.,0.));
#4032=DIRECTION('',(-2.44396094107749E-16,1.,0.));
#4033=DIRECTION('',(1.,4.95635278850516E-16,0.));
#4034=DIRECTION('',(1.,4.95635278850516E-16,0.));
#4035=DIRECTION('',(-2.44396094107749E-16,1.,0.));
#4036=DIRECTION('',(1.,4.95635278850516E-16,0.));
#4037=DIRECTION('',(1.,4.95635278850516E-16,0.));
#4038=DIRECTION('',(-2.44396094107749E-16,1.,0.));
#4039=DIRECTION('',(0.707106781186547,0.707106781186548,0.));
#4040=DIRECTION('',(1.23908819712629E-16,-1.,0.));
#4041=DIRECTION('',(-0.707106781186548,0.707106781186547,0.));
#4042=DIRECTION('',(1.,0.,0.));
#4043=DIRECTION('',(0.,0.,1.));
#4044=DIRECTION('',(1.,0.,0.));
#4045=DIRECTION('',(-2.44396094107749E-16,1.,0.));
#4046=DIRECTION('',(1.,0.,0.));
#4047=DIRECTION('',(1.,0.,0.));
#4048=DIRECTION('',(-0.707106781186548,0.707106781186547,0.));
#4049=DIRECTION('',(1.23908819712629E-16,-1.,0.));
#4050=DIRECTION('',(0.707106781186547,0.707106781186548,0.));
#4051=DIRECTION('',(-2.44396094107749E-16,1.,0.));
#4052=DIRECTION('',(1.,4.95635278850516E-16,0.));
#4053=DIRECTION('',(1.,4.95635278850516E-16,0.));
#4054=DIRECTION('',(-2.44396094107749E-16,1.,0.));
#4055=DIRECTION('',(1.,4.95635278850516E-16,0.));
#4056=DIRECTION('',(1.,4.95635278850516E-16,0.));
#4057=DIRECTION('',(-2.44396094107749E-16,1.,0.));
#4058=DIRECTION('',(1.,0.,0.));
#4059=DIRECTION('',(1.,0.,0.));
#4060=DIRECTION('',(-0.707106781186548,0.707106781186548,0.));
#4061=DIRECTION('',(0.,-1.,0.));
#4062=DIRECTION('',(0.707106781186547,0.707106781186548,0.));
#4063=DIRECTION('',(-4.95635278850517E-16,1.,0.));
#4064=DIRECTION('',(-1.,-4.95635278850517E-16,0.));
#4065=DIRECTION('',(0.,0.,-1.));
#4066=DIRECTION('',(-4.95635278850516E-16,1.,0.));
#4067=DIRECTION('',(-1.,-4.95635278850516E-16,0.));
#4068=DIRECTION('',(0.,0.,-1.));
#4069=DIRECTION('',(0.,1.,0.));
#4070=DIRECTION('',(0.,0.,1.));
#4071=DIRECTION('',(-4.95635278850517E-16,1.,0.));
#4072=DIRECTION('',(-1.,-4.95635278850517E-16,0.));
#4073=DIRECTION('',(0.,0.,-1.));
#4074=DIRECTION('',(-4.95635278850517E-16,1.,0.));
#4075=DIRECTION('',(-1.,-4.95635278850517E-16,0.));
#4076=DIRECTION('',(0.,0.,-1.));
#4077=DIRECTION('',(0.,1.,0.));
#4078=DIRECTION('',(0.,0.,1.));
#4079=DIRECTION('',(0.,0.,-1.));
#4080=DIRECTION('',(0.,1.,0.));
#4081=DIRECTION('',(0.,0.,1.));
#4082=DIRECTION('',(0.,0.,-1.));
#4083=DIRECTION('',(0.,1.,0.));
#4084=DIRECTION('',(0.,0.,1.));
#4085=DIRECTION('',(1.,2.44396094107749E-16,0.));
#4086=DIRECTION('',(-2.44396094107749E-16,1.,0.));
#4087=DIRECTION('',(0.,0.,-1.));
#4088=DIRECTION('',(1.,2.44396094107749E-16,0.));
#4089=DIRECTION('',(-2.44396094107749E-16,1.,0.));
#4090=DIRECTION('',(1.,2.44396094107749E-16,0.));
#4091=DIRECTION('',(-2.44396094107749E-16,1.,0.));
#4092=DIRECTION('',(1.,2.44396094107749E-16,0.));
#4093=DIRECTION('',(-2.44396094107749E-16,1.,0.));
#4094=DIRECTION('',(0.,0.,-1.));
#4095=DIRECTION('',(-0.707106781186548,-0.707106781186548,0.));
#4096=DIRECTION('',(0.707106781186548,-0.707106781186548,0.));
#4097=DIRECTION('',(0.,0.,-1.));
#4098=DIRECTION('',(1.,0.,0.));
#4099=DIRECTION('',(0.,0.,-1.));
#4100=DIRECTION('',(0.,0.,-1.));
#4101=DIRECTION('',(-0.707106781186548,0.707106781186547,0.));
#4102=DIRECTION('',(-0.707106781186547,-0.707106781186548,0.));
#4103=DIRECTION('',(-0.707106781186547,-0.707106781186548,0.));
#4104=DIRECTION('',(0.707106781186548,-0.707106781186547,0.));
#4105=DIRECTION('',(0.,0.,-1.));
#4106=DIRECTION('',(1.,1.23908819712629E-16,0.));
#4107=DIRECTION('',(-1.23908819712629E-16,1.,0.));
#4108=DIRECTION('',(0.,0.,-1.));
#4109=DIRECTION('',(-0.707106781186548,0.707106781186547,0.));
#4110=DIRECTION('',(-0.707106781186547,-0.707106781186548,0.));
#4111=CARTESIAN_POINT('',(0.,0.,0.));
#4112=CARTESIAN_POINT('',(0.0143316378816962,0.00141066573233156,-0.000797));
#4113=CARTESIAN_POINT('',(0.0143316378816962,0.0540867296849227,0.001203));
#4114=CARTESIAN_POINT('',(0.0143316378816962,0.0540867296849227,0.001203));
#4115=CARTESIAN_POINT('',(0.0143316378816962,0.0540867296849227,-0.000797));
#4116=CARTESIAN_POINT('',(0.0143316378816962,0.00141066573233155,0.001203));
#4117=CARTESIAN_POINT('',(0.0143316378816962,0.0633701657323316,0.001203));
#4118=CARTESIAN_POINT('',(0.0143316378816962,0.0633701657323316,0.001203));
#4119=CARTESIAN_POINT('',(0.0143316378816962,0.0633701657323316,-0.000797));
#4120=CARTESIAN_POINT('',(0.0143316378816962,0.00141066573233155,-0.000797));
#4121=CARTESIAN_POINT('',(0.0143316378816962,0.00141066573233156,-0.000797));
#4122=CARTESIAN_POINT('',(0.0143316378816962,-0.0536775139241088,0.001203));
#4123=CARTESIAN_POINT('',(0.0143316378816962,-0.0536775139241088,0.001203));
#4124=CARTESIAN_POINT('',(0.0143316378816962,-0.0536775139241088,-0.000797));
#4125=CARTESIAN_POINT('',(0.0143316378816962,0.00141066573233155,0.001203));
#4126=CARTESIAN_POINT('',(0.0143316378816962,-0.0500550342676684,0.001203));
#4127=CARTESIAN_POINT('',(0.0143316378816962,-0.0500550342676684,0.001203));
#4128=CARTESIAN_POINT('',(0.0143316378816962,-0.0500550342676684,-0.000797));
#4129=CARTESIAN_POINT('',(0.0143316378816962,0.00141066573233155,-0.000797));
#4130=CARTESIAN_POINT('',(0.187681637881696,0.0592701657323316,0.001203));
#4131=CARTESIAN_POINT('',(0.187681637881696,0.0592701657323316,0.001203));
#4132=CARTESIAN_POINT('',(0.189281637881696,0.0592701657323316,0.001203));
#4133=CARTESIAN_POINT('',(0.187681637881696,0.0592701657323316,-0.000797));
#4134=CARTESIAN_POINT('',(0.189281637881696,0.0592701657323316,-0.000797));
#4135=CARTESIAN_POINT('',(0.187681637881697,-0.0564485842676684,0.001203));
#4136=CARTESIAN_POINT('',(0.187681637881697,-0.0564485842676684,-0.000797));
#4137=CARTESIAN_POINT('',(0.189281637876814,-0.056448709267846,-0.000797));
#4138=CARTESIAN_POINT('',(0.186081637886579,-0.0564487092674908,-0.000797));
#4139=CARTESIAN_POINT('',(0.189281637876814,-0.056448709267846,0.001203));
#4140=CARTESIAN_POINT('',(0.189281637876814,-0.056448709267846,0.001203));
#4141=CARTESIAN_POINT('',(0.187681637881697,-0.0564485842676684,0.001203));
#4142=CARTESIAN_POINT('',(0.186081637886579,-0.0564487092674908,0.001203));
#4143=CARTESIAN_POINT('',(0.186081637886579,-0.0564487092674908,0.001203));
#4144=CARTESIAN_POINT('',(0.187681637881696,-0.0564488342676684,0.001203));
#4145=CARTESIAN_POINT('',(0.187681637881696,-0.0564488342676684,-0.000797));
#4146=CARTESIAN_POINT('',(0.187681637881696,-0.0564488342676684,0.001203));
#4147=CARTESIAN_POINT('',(0.172994637881696,0.0351698657323321,0.001203));
#4148=CARTESIAN_POINT('',(0.172994637881696,0.0351698657323321,0.001203));
#4149=CARTESIAN_POINT('',(0.176244637881696,0.0351698657323321,0.001203));
#4150=CARTESIAN_POINT('',(0.172994637881696,0.0351698657323321,-0.000797));
#4151=CARTESIAN_POINT('',(0.176244637881696,0.0351698657323321,-0.000797));
#4152=CARTESIAN_POINT('',(0.173111937881696,0.0210951657323319,0.001203));
#4153=CARTESIAN_POINT('',(0.173111937881696,0.0210951657323319,-0.000797));
#4154=CARTESIAN_POINT('',(0.166111937881696,0.0210951657323319,-0.000797));
#4155=CARTESIAN_POINT('',(0.180111937881696,0.021095165732332,-0.000797));
#4156=CARTESIAN_POINT('',(0.180111937881696,0.021095165732332,0.001203));
#4157=CARTESIAN_POINT('',(0.180111937881696,0.021095165732332,0.001203));
#4158=CARTESIAN_POINT('',(0.173111937881696,0.0210951657323319,0.001203));
#4159=CARTESIAN_POINT('',(0.166111937881696,0.0210951657323319,0.001203));
#4160=CARTESIAN_POINT('',(0.166111937881696,0.0210951657323319,0.001203));
#4161=CARTESIAN_POINT('',(0.180111937881696,0.014095165732332,0.001203));
#4162=CARTESIAN_POINT('',(0.180111937881696,0.014095165732332,-0.000797));
#4163=CARTESIAN_POINT('',(0.180111937881696,0.00709516573233202,-0.000797));
#4164=CARTESIAN_POINT('',(0.180111937881696,0.00709516573233202,0.001203));
#4165=CARTESIAN_POINT('',(0.180111937881696,0.00709516573233202,0.001203));
#4166=CARTESIAN_POINT('',(0.180111937881696,0.014095165732332,0.001203));
#4167=CARTESIAN_POINT('',(0.173111937881696,0.00709516573233188,0.001203));
#4168=CARTESIAN_POINT('',(0.173111937881696,0.00709516573233188,-0.000797));
#4169=CARTESIAN_POINT('',(0.166111937881696,0.00709516573233187,-0.000797));
#4170=CARTESIAN_POINT('',(0.166111937881696,0.00709516573233187,0.001203));
#4171=CARTESIAN_POINT('',(0.166111937881696,0.00709516573233187,0.001203));
#4172=CARTESIAN_POINT('',(0.173111937881696,0.00709516573233188,0.001203));
#4173=CARTESIAN_POINT('',(0.166111937881696,0.014095165732332,0.001203));
#4174=CARTESIAN_POINT('',(0.166111937881696,0.014095165732332,-0.000797));
#4175=CARTESIAN_POINT('',(0.166111937881696,0.014095165732332,0.001203));
#4176=CARTESIAN_POINT('',(0.173111937881696,0.00204516573233188,0.001203));
#4177=CARTESIAN_POINT('',(0.173111937881696,0.00204516573233188,-0.000797));
#4178=CARTESIAN_POINT('',(0.166111937881696,0.00204516573233187,-0.000797));
#4179=CARTESIAN_POINT('',(0.180111937881696,0.00204516573233202,-0.000797));
#4180=CARTESIAN_POINT('',(0.180111937881696,0.00204516573233202,0.001203));
#4181=CARTESIAN_POINT('',(0.180111937881696,0.00204516573233202,0.001203));
#4182=CARTESIAN_POINT('',(0.173111937881696,0.00204516573233188,0.001203));
#4183=CARTESIAN_POINT('',(0.166111937881696,0.00204516573233187,0.001203));
#4184=CARTESIAN_POINT('',(0.166111937881696,0.00204516573233187,0.001203));
#4185=CARTESIAN_POINT('',(0.180111937881696,-0.00495483426766798,0.001203));
#4186=CARTESIAN_POINT('',(0.180111937881696,-0.00495483426766798,-0.000797));
#4187=CARTESIAN_POINT('',(0.180111937881696,-0.011954834267668,-0.000797));
#4188=CARTESIAN_POINT('',(0.180111937881696,-0.011954834267668,0.001203));
#4189=CARTESIAN_POINT('',(0.180111937881696,-0.011954834267668,0.001203));
#4190=CARTESIAN_POINT('',(0.180111937881696,-0.00495483426766798,0.001203));
#4191=CARTESIAN_POINT('',(0.173111937881696,-0.0119548342676681,0.001203));
#4192=CARTESIAN_POINT('',(0.173111937881696,-0.0119548342676681,-0.000797));
#4193=CARTESIAN_POINT('',(0.166111937881696,-0.0119548342676681,-0.000797));
#4194=CARTESIAN_POINT('',(0.166111937881696,-0.0119548342676681,0.001203));
#4195=CARTESIAN_POINT('',(0.166111937881696,-0.0119548342676681,0.001203));
#4196=CARTESIAN_POINT('',(0.173111937881696,-0.0119548342676681,0.001203));
#4197=CARTESIAN_POINT('',(0.166111937881696,-0.00495483426766799,0.001203));
#4198=CARTESIAN_POINT('',(0.166111937881696,-0.00495483426766799,-0.000797));
#4199=CARTESIAN_POINT('',(0.166111937881696,-0.00495483426766799,0.001203));
#4200=CARTESIAN_POINT('',(0.173111937881696,-0.0360548342676681,0.001203));
#4201=CARTESIAN_POINT('',(0.173111937881696,-0.0360548342676681,-0.000797));
#4202=CARTESIAN_POINT('',(0.166111937881696,-0.0360548342676681,-0.000797));
#4203=CARTESIAN_POINT('',(0.180111937881696,-0.036054834267668,-0.000797));
#4204=CARTESIAN_POINT('',(0.180111937881696,-0.036054834267668,0.001203));
#4205=CARTESIAN_POINT('',(0.180111937881696,-0.036054834267668,0.001203));
#4206=CARTESIAN_POINT('',(0.173111937881696,-0.0360548342676681,0.001203));
#4207=CARTESIAN_POINT('',(0.166111937881696,-0.0360548342676681,0.001203));
#4208=CARTESIAN_POINT('',(0.166111937881696,-0.0360548342676681,0.001203));
#4209=CARTESIAN_POINT('',(0.180111937881696,-0.043054834267668,0.001203));
#4210=CARTESIAN_POINT('',(0.180111937881696,-0.043054834267668,-0.000797));
#4211=CARTESIAN_POINT('',(0.180111937881696,-0.050054834267668,-0.000797));
#4212=CARTESIAN_POINT('',(0.180111937881696,-0.050054834267668,0.001203));
#4213=CARTESIAN_POINT('',(0.180111937881696,-0.050054834267668,0.001203));
#4214=CARTESIAN_POINT('',(0.180111937881696,-0.043054834267668,0.001203));
#4215=CARTESIAN_POINT('',(0.173111937881696,-0.0500548342676681,0.001203));
#4216=CARTESIAN_POINT('',(0.173111937881696,-0.0500548342676681,-0.000797));
#4217=CARTESIAN_POINT('',(0.166111937881696,-0.0500548342676681,-0.000797));
#4218=CARTESIAN_POINT('',(0.166111937881696,-0.0500548342676681,0.001203));
#4219=CARTESIAN_POINT('',(0.166111937881696,-0.0500548342676681,0.001203));
#4220=CARTESIAN_POINT('',(0.173111937881696,-0.0500548342676681,0.001203));
#4221=CARTESIAN_POINT('',(0.166111937881696,-0.043054834267668,0.001203));
#4222=CARTESIAN_POINT('',(0.166111937881696,-0.043054834267668,-0.000797));
#4223=CARTESIAN_POINT('',(0.166111937881696,-0.043054834267668,0.001203));
#4224=CARTESIAN_POINT('',(0.134912237881696,-0.0360550342676684,0.001203));
#4225=CARTESIAN_POINT('',(0.134912237881696,-0.0360550342676684,-0.000797));
#4226=CARTESIAN_POINT('',(0.127912237881696,-0.0360550342676684,-0.000797));
#4227=CARTESIAN_POINT('',(0.141912237881696,-0.0360550342676681,-0.000797));
#4228=CARTESIAN_POINT('',(0.141912237881696,-0.0360550342676681,0.001203));
#4229=CARTESIAN_POINT('',(0.141912237881696,-0.0360550342676681,0.001203));
#4230=CARTESIAN_POINT('',(0.134912237881696,-0.0360550342676684,0.001203));
#4231=CARTESIAN_POINT('',(0.127912237881696,-0.0360550342676684,0.001203));
#4232=CARTESIAN_POINT('',(0.127912237881696,-0.0360550342676684,0.001203));
#4233=CARTESIAN_POINT('',(0.141912237881696,-0.0430550342676681,0.001203));
#4234=CARTESIAN_POINT('',(0.141912237881696,-0.0430550342676681,-0.000797));
#4235=CARTESIAN_POINT('',(0.141912237881696,-0.0500550342676681,-0.000797));
#4236=CARTESIAN_POINT('',(0.141912237881696,-0.0500550342676681,0.001203));
#4237=CARTESIAN_POINT('',(0.141912237881696,-0.0500550342676681,0.001203));
#4238=CARTESIAN_POINT('',(0.141912237881696,-0.0430550342676681,0.001203));
#4239=CARTESIAN_POINT('',(0.134912237881696,-0.0500550342676684,0.001203));
#4240=CARTESIAN_POINT('',(0.134912237881696,-0.0500550342676684,-0.000797));
#4241=CARTESIAN_POINT('',(0.127912237881696,-0.0500550342676684,-0.000797));
#4242=CARTESIAN_POINT('',(0.127912237881696,-0.0500550342676684,0.001203));
#4243=CARTESIAN_POINT('',(0.127912237881696,-0.0500550342676684,0.001203));
#4244=CARTESIAN_POINT('',(0.134912237881696,-0.0500550342676684,0.001203));
#4245=CARTESIAN_POINT('',(0.127912237881696,-0.0430550342676681,0.001203));
#4246=CARTESIAN_POINT('',(0.127912237881696,-0.0430550342676681,-0.000797));
#4247=CARTESIAN_POINT('',(0.127912237881696,-0.0430550342676681,0.001203));
#4248=CARTESIAN_POINT('',(0.115862237881696,-0.0360550342676684,0.001203));
#4249=CARTESIAN_POINT('',(0.115862237881696,-0.0360550342676684,-0.000797));
#4250=CARTESIAN_POINT('',(0.108862237881696,-0.0360550342676684,-0.000797));
#4251=CARTESIAN_POINT('',(0.122862237881696,-0.0360550342676681,-0.000797));
#4252=CARTESIAN_POINT('',(0.122862237881696,-0.0360550342676681,0.001203));
#4253=CARTESIAN_POINT('',(0.122862237881696,-0.0360550342676681,0.001203));
#4254=CARTESIAN_POINT('',(0.115862237881696,-0.0360550342676684,0.001203));
#4255=CARTESIAN_POINT('',(0.108862237881696,-0.0360550342676684,0.001203));
#4256=CARTESIAN_POINT('',(0.108862237881696,-0.0360550342676684,0.001203));
#4257=CARTESIAN_POINT('',(0.122862237881696,-0.0430550342676681,0.001203));
#4258=CARTESIAN_POINT('',(0.122862237881696,-0.0430550342676681,-0.000797));
#4259=CARTESIAN_POINT('',(0.122862237881696,-0.0500550342676681,-0.000797));
#4260=CARTESIAN_POINT('',(0.122862237881696,-0.0500550342676681,0.001203));
#4261=CARTESIAN_POINT('',(0.122862237881696,-0.0500550342676681,0.001203));
#4262=CARTESIAN_POINT('',(0.122862237881696,-0.0430550342676681,0.001203));
#4263=CARTESIAN_POINT('',(0.115862237881696,-0.0500550342676684,0.001203));
#4264=CARTESIAN_POINT('',(0.115862237881696,-0.0500550342676684,-0.000797));
#4265=CARTESIAN_POINT('',(0.108862237881696,-0.0500550342676684,-0.000797));
#4266=CARTESIAN_POINT('',(0.108862237881696,-0.0500550342676684,0.001203));
#4267=CARTESIAN_POINT('',(0.108862237881696,-0.0500550342676684,0.001203));
#4268=CARTESIAN_POINT('',(0.115862237881696,-0.0500550342676684,0.001203));
#4269=CARTESIAN_POINT('',(0.108862237881696,-0.0430550342676681,0.001203));
#4270=CARTESIAN_POINT('',(0.108862237881696,-0.0430550342676681,-0.000797));
#4271=CARTESIAN_POINT('',(0.108862237881696,-0.0430550342676681,0.001203));
#4272=CARTESIAN_POINT('',(0.0968122378816962,-0.0360550342676684,0.001203));
#4273=CARTESIAN_POINT('',(0.0968122378816962,-0.0360550342676684,-0.000797));
#4274=CARTESIAN_POINT('',(0.0898122378816962,-0.0360550342676684,-0.000797));
#4275=CARTESIAN_POINT('',(0.103812237881696,-0.0360550342676683,-0.000797));
#4276=CARTESIAN_POINT('',(0.103812237881696,-0.0360550342676683,0.001203));
#4277=CARTESIAN_POINT('',(0.103812237881696,-0.0360550342676683,0.001203));
#4278=CARTESIAN_POINT('',(0.0968122378816962,-0.0360550342676684,0.001203));
#4279=CARTESIAN_POINT('',(0.0898122378816962,-0.0360550342676684,0.001203));
#4280=CARTESIAN_POINT('',(0.0898122378816962,-0.0360550342676684,0.001203));
#4281=CARTESIAN_POINT('',(0.103812237881696,-0.0430550342676683,0.001203));
#4282=CARTESIAN_POINT('',(0.103812237881696,-0.0430550342676683,-0.000797));
#4283=CARTESIAN_POINT('',(0.103812237881696,-0.0500550342676682,-0.000797));
#4284=CARTESIAN_POINT('',(0.103812237881696,-0.0500550342676682,0.001203));
#4285=CARTESIAN_POINT('',(0.103812237881696,-0.0500550342676682,0.001203));
#4286=CARTESIAN_POINT('',(0.103812237881696,-0.0430550342676683,0.001203));
#4287=CARTESIAN_POINT('',(0.0968122378816962,-0.0500550342676684,0.001203));
#4288=CARTESIAN_POINT('',(0.0968122378816962,-0.0500550342676684,-0.000797));
#4289=CARTESIAN_POINT('',(0.0898122378816962,-0.0500550342676684,-0.000797));
#4290=CARTESIAN_POINT('',(0.0898122378816962,-0.0500550342676684,0.001203));
#4291=CARTESIAN_POINT('',(0.0898122378816962,-0.0500550342676684,0.001203));
#4292=CARTESIAN_POINT('',(0.0968122378816962,-0.0500550342676684,0.001203));
#4293=CARTESIAN_POINT('',(0.0898122378816962,-0.0430550342676683,0.001203));
#4294=CARTESIAN_POINT('',(0.0898122378816962,-0.0430550342676683,-0.000797));
#4295=CARTESIAN_POINT('',(0.0898122378816962,-0.0430550342676683,0.001203));
#4296=CARTESIAN_POINT('',(0.0706185378816962,-0.0360550342676684,0.001203));
#4297=CARTESIAN_POINT('',(0.0706185378816962,-0.0360550342676684,-0.000797));
#4298=CARTESIAN_POINT('',(0.0636185378816962,-0.0360550342676684,-0.000797));
#4299=CARTESIAN_POINT('',(0.0776185378816962,-0.0360550342676683,-0.000797));
#4300=CARTESIAN_POINT('',(0.0776185378816962,-0.0360550342676683,0.001203));
#4301=CARTESIAN_POINT('',(0.0776185378816962,-0.0360550342676683,0.001203));
#4302=CARTESIAN_POINT('',(0.0706185378816962,-0.0360550342676684,0.001203));
#4303=CARTESIAN_POINT('',(0.0636185378816962,-0.0360550342676684,0.001203));
#4304=CARTESIAN_POINT('',(0.0636185378816962,-0.0360550342676684,0.001203));
#4305=CARTESIAN_POINT('',(0.0776185378816962,-0.0430550342676683,0.001203));
#4306=CARTESIAN_POINT('',(0.0776185378816962,-0.0430550342676683,-0.000797));
#4307=CARTESIAN_POINT('',(0.0776185378816962,-0.0500550342676683,-0.000797));
#4308=CARTESIAN_POINT('',(0.0776185378816962,-0.0500550342676683,0.001203));
#4309=CARTESIAN_POINT('',(0.0776185378816962,-0.0500550342676683,0.001203));
#4310=CARTESIAN_POINT('',(0.0776185378816962,-0.0430550342676683,0.001203));
#4311=CARTESIAN_POINT('',(0.0706185378816962,-0.0500550342676684,0.001203));
#4312=CARTESIAN_POINT('',(0.0706185378816962,-0.0500550342676684,-0.000797));
#4313=CARTESIAN_POINT('',(0.0636185378816962,-0.0500550342676684,-0.000797));
#4314=CARTESIAN_POINT('',(0.0636185378816962,-0.0500550342676684,0.001203));
#4315=CARTESIAN_POINT('',(0.0636185378816962,-0.0500550342676684,0.001203));
#4316=CARTESIAN_POINT('',(0.0706185378816962,-0.0500550342676684,0.001203));
#4317=CARTESIAN_POINT('',(0.0636185378816962,-0.0430550342676683,0.001203));
#4318=CARTESIAN_POINT('',(0.0636185378816962,-0.0430550342676683,-0.000797));
#4319=CARTESIAN_POINT('',(0.0636185378816962,-0.0430550342676683,0.001203));
#4320=CARTESIAN_POINT('',(0.0468060378816962,-0.0360550342676684,0.001203));
#4321=CARTESIAN_POINT('',(0.0468060378816962,-0.0360550342676684,-0.000797));
#4322=CARTESIAN_POINT('',(0.0398060378816962,-0.0360550342676684,-0.000797));
#4323=CARTESIAN_POINT('',(0.0538060378816962,-0.0360550342676683,-0.000797));
#4324=CARTESIAN_POINT('',(0.0538060378816962,-0.0360550342676683,0.001203));
#4325=CARTESIAN_POINT('',(0.0538060378816962,-0.0360550342676683,0.001203));
#4326=CARTESIAN_POINT('',(0.0468060378816962,-0.0360550342676684,0.001203));
#4327=CARTESIAN_POINT('',(0.0398060378816962,-0.0360550342676684,0.001203));
#4328=CARTESIAN_POINT('',(0.0398060378816962,-0.0360550342676684,0.001203));
#4329=CARTESIAN_POINT('',(0.0538060378816962,-0.0430550342676683,0.001203));
#4330=CARTESIAN_POINT('',(0.0538060378816962,-0.0430550342676683,-0.000797));
#4331=CARTESIAN_POINT('',(0.0538060378816962,-0.0500550342676683,-0.000797));
#4332=CARTESIAN_POINT('',(0.0538060378816962,-0.0500550342676683,0.001203));
#4333=CARTESIAN_POINT('',(0.0538060378816962,-0.0500550342676683,0.001203));
#4334=CARTESIAN_POINT('',(0.0538060378816962,-0.0430550342676683,0.001203));
#4335=CARTESIAN_POINT('',(0.0468060378816962,-0.0500550342676684,0.001203));
#4336=CARTESIAN_POINT('',(0.0468060378816962,-0.0500550342676684,-0.000797));
#4337=CARTESIAN_POINT('',(0.0398060378816962,-0.0500550342676684,-0.000797));
#4338=CARTESIAN_POINT('',(0.0398060378816962,-0.0500550342676684,0.001203));
#4339=CARTESIAN_POINT('',(0.0398060378816962,-0.0500550342676684,0.001203));
#4340=CARTESIAN_POINT('',(0.0468060378816962,-0.0500550342676684,0.001203));
#4341=CARTESIAN_POINT('',(0.0398060378816962,-0.0430550342676683,0.001203));
#4342=CARTESIAN_POINT('',(0.0398060378816962,-0.0430550342676683,-0.000797));
#4343=CARTESIAN_POINT('',(0.0398060378816962,-0.0430550342676683,0.001203));
#4344=CARTESIAN_POINT('',(0.186781637881696,-0.0555485842676684,0.001203));
#4345=CARTESIAN_POINT('',(0.186781637881696,-0.0555485842676684,-0.000797));
#4346=CARTESIAN_POINT('',(0.186781637881696,-0.0605485842676684,-0.000797));
#4347=CARTESIAN_POINT('',(0.191781637881696,-0.0555485842676684,-0.000797));
#4348=CARTESIAN_POINT('',(0.191781637881696,-0.0555485842676684,0.001203));
#4349=CARTESIAN_POINT('',(0.191781637881696,-0.0555485842676684,0.001203));
#4350=CARTESIAN_POINT('',(0.186781637881696,-0.0555485842676684,0.001203));
#4351=CARTESIAN_POINT('',(0.186781637881696,-0.0605485842676684,0.001203));
#4352=CARTESIAN_POINT('',(0.186781637881696,-0.0605485842676684,0.001203));
#4353=CARTESIAN_POINT('',(0.191781637881696,0.00141079073233157,0.001203));
#4354=CARTESIAN_POINT('',(0.191781637881696,0.00141079073233157,-0.000797));
#4355=CARTESIAN_POINT('',(0.191781637881696,0.0583701657323316,-0.000797));
#4356=CARTESIAN_POINT('',(0.191781637881696,0.0583701657323316,0.001203));
#4357=CARTESIAN_POINT('',(0.191781637881696,0.0583701657323316,0.001203));
#4358=CARTESIAN_POINT('',(0.191781637881696,0.00141079073233157,0.001203));
#4359=CARTESIAN_POINT('',(0.186781637881696,0.0583701657323316,0.001203));
#4360=CARTESIAN_POINT('',(0.186781637881696,0.0583701657323316,-0.000797));
#4361=CARTESIAN_POINT('',(0.186781637881696,0.0633701657323316,-0.000797));
#4362=CARTESIAN_POINT('',(0.186781637881696,0.0633701657323316,0.001203));
#4363=CARTESIAN_POINT('',(0.186781637881696,0.0633701657323316,0.001203));
#4364=CARTESIAN_POINT('',(0.186781637881696,0.0583701657323316,0.001203));
#4365=CARTESIAN_POINT('',(0.0143316378816962,0.0633701657323316,0.001203));
#4366=CARTESIAN_POINT('',(0.0143316378816962,0.0633701657323316,-0.000797));
#4367=CARTESIAN_POINT('',(0.162158537881696,0.0633701657323316,-0.000797));
#4368=CARTESIAN_POINT('',(0.162158537881696,0.0633701657323316,-0.004097));
#4369=CARTESIAN_POINT('',(0.162158537881696,0.0633701657323316,0.001203));
#4370=CARTESIAN_POINT('',(0.0143316378816962,0.0633701657323316,0.001203));
#4371=CARTESIAN_POINT('',(0.162158537881696,0.0213701657323316,0.001203));
#4372=CARTESIAN_POINT('',(0.162158537881696,0.0213701657323316,-0.000797));
#4373=CARTESIAN_POINT('',(0.162158537881696,-0.0146298342676684,-0.000797));
#4374=CARTESIAN_POINT('',(0.162158537881696,-0.0146298342676684,0.001203));
#4375=CARTESIAN_POINT('',(0.162158537881696,-0.0146298342676684,0.001203));
#4376=CARTESIAN_POINT('',(0.162158537881696,0.0213701657323316,0.001203));
#4377=CARTESIAN_POINT('',(0.150618537881696,-0.0146298342676684,0.001203));
#4378=CARTESIAN_POINT('',(0.150618537881696,-0.0146298342676684,-0.000797));
#4379=CARTESIAN_POINT('',(0.139078537881696,-0.0146298342676684,-0.000797));
#4380=CARTESIAN_POINT('',(0.139078537881696,-0.0146298342676684,0.001203));
#4381=CARTESIAN_POINT('',(0.139078537881696,-0.0146298342676684,0.001203));
#4382=CARTESIAN_POINT('',(0.150618537881696,-0.0146298342676684,0.001203));
#4383=CARTESIAN_POINT('',(0.139078537881696,0.0213701657323316,0.001203));
#4384=CARTESIAN_POINT('',(0.139078537881696,0.0213701657323316,-0.000797));
#4385=CARTESIAN_POINT('',(0.139078537881696,0.0633701657323316,-0.000797));
#4386=CARTESIAN_POINT('',(0.139078537881696,0.0633701657323316,-0.004097));
#4387=CARTESIAN_POINT('',(0.139078537881696,0.0633701657323316,0.001203));
#4388=CARTESIAN_POINT('',(0.139078537881696,0.0213701657323316,0.001203));
#4389=CARTESIAN_POINT('',(0.0229509378816962,0.0140951657323317,0.001203));
#4390=CARTESIAN_POINT('',(0.0229509378816962,0.0140951657323317,-0.000797));
#4391=CARTESIAN_POINT('',(0.0229509378816962,0.0210951657323317,-0.000797));
#4392=CARTESIAN_POINT('',(0.0229509378816962,0.00709516573233171,-0.000797));
#4393=CARTESIAN_POINT('',(0.0229509378816962,0.00709516573233171,0.001203));
#4394=CARTESIAN_POINT('',(0.0229509378816962,0.00709516573233171,0.001203));
#4395=CARTESIAN_POINT('',(0.0229509378816962,0.0140951657323317,0.001203));
#4396=CARTESIAN_POINT('',(0.0229509378816962,0.0210951657323317,0.001203));
#4397=CARTESIAN_POINT('',(0.0229509378816962,0.0210951657323317,0.001203));
#4398=CARTESIAN_POINT('',(0.0277133378816962,-0.00495483426766829,0.001203));
#4399=CARTESIAN_POINT('',(0.0277133378816962,-0.00495483426766829,-0.000797));
#4400=CARTESIAN_POINT('',(0.0277133378816962,0.00204516573233172,-0.000797));
#4401=CARTESIAN_POINT('',(0.0277133378816962,-0.0119548342676683,-0.000797));
#4402=CARTESIAN_POINT('',(0.0277133378816962,-0.0119548342676683,0.001203));
#4403=CARTESIAN_POINT('',(0.0277133378816962,-0.0119548342676683,0.001203));
#4404=CARTESIAN_POINT('',(0.0277133378816962,-0.00495483426766829,0.001203));
#4405=CARTESIAN_POINT('',(0.0277133378816962,0.00204516573233172,0.001203));
#4406=CARTESIAN_POINT('',(0.0277133378816962,0.00204516573233172,0.001203));
#4407=CARTESIAN_POINT('',(0.0287497378816962,-0.0430550342676683,0.001203));
#4408=CARTESIAN_POINT('',(0.0287497378816962,-0.0430550342676683,-0.000797));
#4409=CARTESIAN_POINT('',(0.0287497378816962,-0.0360550342676683,-0.000797));
#4410=CARTESIAN_POINT('',(0.0287497378816962,-0.0500550342676683,-0.000797));
#4411=CARTESIAN_POINT('',(0.0287497378816962,-0.0500550342676683,0.001203));
#4412=CARTESIAN_POINT('',(0.0287497378816962,-0.0500550342676683,0.001203));
#4413=CARTESIAN_POINT('',(0.0287497378816962,-0.0430550342676683,0.001203));
#4414=CARTESIAN_POINT('',(0.0287497378816962,-0.0360550342676683,0.001203));
#4415=CARTESIAN_POINT('',(0.0287497378816962,-0.0360550342676683,0.001203));
#4416=CARTESIAN_POINT('',(0.173111937881696,-0.0170048342676683,0.001203));
#4417=CARTESIAN_POINT('',(0.173111937881696,-0.0170048342676683,-0.000797));
#4418=CARTESIAN_POINT('',(0.166111937881696,-0.0170048342676683,-0.000797));
#4419=CARTESIAN_POINT('',(0.180111937881696,-0.017004834267668,-0.000797));
#4420=CARTESIAN_POINT('',(0.180111937881696,-0.017004834267668,0.001203));
#4421=CARTESIAN_POINT('',(0.180111937881696,-0.017004834267668,0.001203));
#4422=CARTESIAN_POINT('',(0.173111937881696,-0.0170048342676683,0.001203));
#4423=CARTESIAN_POINT('',(0.166111937881696,-0.0170048342676683,0.001203));
#4424=CARTESIAN_POINT('',(0.166111937881696,-0.0170048342676683,0.001203));
#4425=CARTESIAN_POINT('',(0.180111937881696,-0.024004834267668,0.001203));
#4426=CARTESIAN_POINT('',(0.180111937881696,-0.024004834267668,-0.000797));
#4427=CARTESIAN_POINT('',(0.180111937881696,-0.031004834267668,-0.000797));
#4428=CARTESIAN_POINT('',(0.180111937881696,-0.031004834267668,0.001203));
#4429=CARTESIAN_POINT('',(0.180111937881696,-0.031004834267668,0.001203));
#4430=CARTESIAN_POINT('',(0.180111937881696,-0.024004834267668,0.001203));
#4431=CARTESIAN_POINT('',(0.173111937881696,-0.0310048342676684,0.001203));
#4432=CARTESIAN_POINT('',(0.173111937881696,-0.0310048342676684,-0.000797));
#4433=CARTESIAN_POINT('',(0.166111937881696,-0.0310048342676684,-0.000797));
#4434=CARTESIAN_POINT('',(0.166111937881696,-0.0310048342676684,0.001203));
#4435=CARTESIAN_POINT('',(0.166111937881696,-0.0310048342676684,0.001203));
#4436=CARTESIAN_POINT('',(0.173111937881696,-0.0310048342676684,0.001203));
#4437=CARTESIAN_POINT('',(0.166111937881696,-0.024004834267668,0.001203));
#4438=CARTESIAN_POINT('',(0.166111937881696,-0.024004834267668,-0.000797));
#4439=CARTESIAN_POINT('',(0.166111937881696,-0.024004834267668,0.001203));
#4440=CARTESIAN_POINT('',(0.115961937881696,-0.0170048342676683,0.001203));
#4441=CARTESIAN_POINT('',(0.115961937881696,-0.0170048342676683,-0.000797));
#4442=CARTESIAN_POINT('',(0.108961937881696,-0.0170048342676683,-0.000797));
#4443=CARTESIAN_POINT('',(0.122961937881696,-0.017004834267668,-0.000797));
#4444=CARTESIAN_POINT('',(0.122961937881696,-0.017004834267668,0.001203));
#4445=CARTESIAN_POINT('',(0.122961937881696,-0.017004834267668,0.001203));
#4446=CARTESIAN_POINT('',(0.115961937881696,-0.0170048342676683,0.001203));
#4447=CARTESIAN_POINT('',(0.108961937881696,-0.0170048342676683,0.001203));
#4448=CARTESIAN_POINT('',(0.108961937881696,-0.0170048342676683,0.001203));
#4449=CARTESIAN_POINT('',(0.122961937881696,-0.024004834267668,0.001203));
#4450=CARTESIAN_POINT('',(0.122961937881696,-0.024004834267668,-0.000797));
#4451=CARTESIAN_POINT('',(0.122961937881696,-0.031004834267668,-0.000797));
#4452=CARTESIAN_POINT('',(0.122961937881696,-0.031004834267668,0.001203));
#4453=CARTESIAN_POINT('',(0.122961937881696,-0.031004834267668,0.001203));
#4454=CARTESIAN_POINT('',(0.122961937881696,-0.024004834267668,0.001203));
#4455=CARTESIAN_POINT('',(0.115961937881696,-0.0310048342676684,0.001203));
#4456=CARTESIAN_POINT('',(0.115961937881696,-0.0310048342676684,-0.000797));
#4457=CARTESIAN_POINT('',(0.108961937881696,-0.0310048342676684,-0.000797));
#4458=CARTESIAN_POINT('',(0.108961937881696,-0.0310048342676684,0.001203));
#4459=CARTESIAN_POINT('',(0.108961937881696,-0.0310048342676684,0.001203));
#4460=CARTESIAN_POINT('',(0.115961937881696,-0.0310048342676684,0.001203));
#4461=CARTESIAN_POINT('',(0.108961937881696,-0.0240048342676681,0.001203));
#4462=CARTESIAN_POINT('',(0.108961937881696,-0.0240048342676681,-0.000797));
#4463=CARTESIAN_POINT('',(0.108961937881696,-0.0240048342676681,0.001203));
#4464=CARTESIAN_POINT('',(0.0897682378816961,-0.0170048342676683,0.001203));
#4465=CARTESIAN_POINT('',(0.0897682378816961,-0.0170048342676683,-0.000797));
#4466=CARTESIAN_POINT('',(0.0827682378816961,-0.0170048342676683,-0.000797));
#4467=CARTESIAN_POINT('',(0.0967682378816961,-0.0170048342676679,-0.000797));
#4468=CARTESIAN_POINT('',(0.0967682378816961,-0.0170048342676679,0.001203));
#4469=CARTESIAN_POINT('',(0.0967682378816961,-0.0170048342676679,0.001203));
#4470=CARTESIAN_POINT('',(0.0897682378816961,-0.0170048342676683,0.001203));
#4471=CARTESIAN_POINT('',(0.0827682378816961,-0.0170048342676683,0.001203));
#4472=CARTESIAN_POINT('',(0.0827682378816961,-0.0170048342676683,0.001203));
#4473=CARTESIAN_POINT('',(0.0967682378816961,-0.0240048342676679,0.001203));
#4474=CARTESIAN_POINT('',(0.0967682378816961,-0.0240048342676679,-0.000797));
#4475=CARTESIAN_POINT('',(0.0967682378816961,-0.0310048342676679,-0.000797));
#4476=CARTESIAN_POINT('',(0.0967682378816961,-0.0310048342676679,0.001203));
#4477=CARTESIAN_POINT('',(0.0967682378816961,-0.0310048342676679,0.001203));
#4478=CARTESIAN_POINT('',(0.0967682378816961,-0.0240048342676679,0.001203));
#4479=CARTESIAN_POINT('',(0.0897682378816961,-0.0310048342676683,0.001203));
#4480=CARTESIAN_POINT('',(0.0897682378816961,-0.0310048342676683,-0.000797));
#4481=CARTESIAN_POINT('',(0.0827682378816961,-0.0310048342676683,-0.000797));
#4482=CARTESIAN_POINT('',(0.0827682378816961,-0.0310048342676683,0.001203));
#4483=CARTESIAN_POINT('',(0.0827682378816961,-0.0310048342676683,0.001203));
#4484=CARTESIAN_POINT('',(0.0897682378816961,-0.0310048342676683,0.001203));
#4485=CARTESIAN_POINT('',(0.0827682378816961,-0.024004834267668,0.001203));
#4486=CARTESIAN_POINT('',(0.0827682378816961,-0.024004834267668,-0.000797));
#4487=CARTESIAN_POINT('',(0.0827682378816961,-0.024004834267668,0.001203));
#4488=CARTESIAN_POINT('',(0.0635745378816961,-0.0170048342676683,0.001203));
#4489=CARTESIAN_POINT('',(0.0635745378816961,-0.0170048342676683,-0.000797));
#4490=CARTESIAN_POINT('',(0.0565745378816961,-0.0170048342676683,-0.000797));
#4491=CARTESIAN_POINT('',(0.0705745378816961,-0.017004834267668,-0.000797));
#4492=CARTESIAN_POINT('',(0.0705745378816961,-0.017004834267668,0.001203));
#4493=CARTESIAN_POINT('',(0.0705745378816961,-0.017004834267668,0.001203));
#4494=CARTESIAN_POINT('',(0.0635745378816961,-0.0170048342676683,0.001203));
#4495=CARTESIAN_POINT('',(0.0565745378816961,-0.0170048342676683,0.001203));
#4496=CARTESIAN_POINT('',(0.0565745378816961,-0.0170048342676683,0.001203));
#4497=CARTESIAN_POINT('',(0.0705745378816961,-0.024004834267668,0.001203));
#4498=CARTESIAN_POINT('',(0.0705745378816961,-0.024004834267668,-0.000797));
#4499=CARTESIAN_POINT('',(0.0705745378816961,-0.031004834267668,-0.000797));
#4500=CARTESIAN_POINT('',(0.0705745378816961,-0.031004834267668,0.001203));
#4501=CARTESIAN_POINT('',(0.0705745378816961,-0.031004834267668,0.001203));
#4502=CARTESIAN_POINT('',(0.0705745378816961,-0.024004834267668,0.001203));
#4503=CARTESIAN_POINT('',(0.0635745378816961,-0.0310048342676683,0.001203));
#4504=CARTESIAN_POINT('',(0.0635745378816961,-0.0310048342676683,-0.000797));
#4505=CARTESIAN_POINT('',(0.0565745378816961,-0.0310048342676683,-0.000797));
#4506=CARTESIAN_POINT('',(0.0565745378816961,-0.0310048342676683,0.001203));
#4507=CARTESIAN_POINT('',(0.0565745378816961,-0.0310048342676683,0.001203));
#4508=CARTESIAN_POINT('',(0.0635745378816961,-0.0310048342676683,0.001203));
#4509=CARTESIAN_POINT('',(0.0565745378816961,-0.024004834267668,0.001203));
#4510=CARTESIAN_POINT('',(0.0565745378816961,-0.024004834267668,-0.000797));
#4511=CARTESIAN_POINT('',(0.0565745378816961,-0.024004834267668,0.001203));
#4512=CARTESIAN_POINT('',(0.0445245378816961,-0.0170048342676683,0.001203));
#4513=CARTESIAN_POINT('',(0.0445245378816961,-0.0170048342676683,-0.000797));
#4514=CARTESIAN_POINT('',(0.0375245378816962,-0.0170048342676683,-0.000797));
#4515=CARTESIAN_POINT('',(0.0515245378816961,-0.0170048342676681,-0.000797));
#4516=CARTESIAN_POINT('',(0.0515245378816961,-0.0170048342676681,0.001203));
#4517=CARTESIAN_POINT('',(0.0515245378816961,-0.0170048342676681,0.001203));
#4518=CARTESIAN_POINT('',(0.0445245378816961,-0.0170048342676683,0.001203));
#4519=CARTESIAN_POINT('',(0.0375245378816962,-0.0170048342676683,0.001203));
#4520=CARTESIAN_POINT('',(0.0375245378816962,-0.0170048342676683,0.001203));
#4521=CARTESIAN_POINT('',(0.0515245378816961,-0.0240048342676681,0.001203));
#4522=CARTESIAN_POINT('',(0.0515245378816961,-0.0240048342676681,-0.000797));
#4523=CARTESIAN_POINT('',(0.0515245378816961,-0.0310048342676681,-0.000797));
#4524=CARTESIAN_POINT('',(0.0515245378816961,-0.0310048342676681,0.001203));
#4525=CARTESIAN_POINT('',(0.0515245378816961,-0.0310048342676681,0.001203));
#4526=CARTESIAN_POINT('',(0.0515245378816961,-0.0240048342676681,0.001203));
#4527=CARTESIAN_POINT('',(0.0445245378816961,-0.0310048342676683,0.001203));
#4528=CARTESIAN_POINT('',(0.0445245378816961,-0.0310048342676683,-0.000797));
#4529=CARTESIAN_POINT('',(0.0375245378816962,-0.0310048342676683,-0.000797));
#4530=CARTESIAN_POINT('',(0.0375245378816962,-0.0310048342676683,0.001203));
#4531=CARTESIAN_POINT('',(0.0375245378816962,-0.0310048342676683,0.001203));
#4532=CARTESIAN_POINT('',(0.0445245378816961,-0.0310048342676683,0.001203));
#4533=CARTESIAN_POINT('',(0.0375245378816962,-0.0240048342676681,0.001203));
#4534=CARTESIAN_POINT('',(0.0375245378816962,-0.0240048342676681,-0.000797));
#4535=CARTESIAN_POINT('',(0.0375245378816962,-0.0240048342676681,0.001203));
#4536=CARTESIAN_POINT('',(0.0254745378816961,-0.0170048342676683,0.001203));
#4537=CARTESIAN_POINT('',(0.0254745378816961,-0.0170048342676683,-0.000797));
#4538=CARTESIAN_POINT('',(0.0184745378816961,-0.0170048342676683,-0.000797));
#4539=CARTESIAN_POINT('',(0.0324745378816962,-0.0170048342676681,-0.000797));
#4540=CARTESIAN_POINT('',(0.0324745378816962,-0.0170048342676681,0.001203));
#4541=CARTESIAN_POINT('',(0.0324745378816962,-0.0170048342676681,0.001203));
#4542=CARTESIAN_POINT('',(0.0254745378816961,-0.0170048342676683,0.001203));
#4543=CARTESIAN_POINT('',(0.0184745378816961,-0.0170048342676683,0.001203));
#4544=CARTESIAN_POINT('',(0.0184745378816961,-0.0170048342676683,0.001203));
#4545=CARTESIAN_POINT('',(0.0324745378816962,-0.0240048342676681,0.001203));
#4546=CARTESIAN_POINT('',(0.0324745378816962,-0.0240048342676681,-0.000797));
#4547=CARTESIAN_POINT('',(0.0324745378816962,-0.0310048342676681,-0.000797));
#4548=CARTESIAN_POINT('',(0.0324745378816962,-0.0310048342676681,0.001203));
#4549=CARTESIAN_POINT('',(0.0324745378816962,-0.0310048342676681,0.001203));
#4550=CARTESIAN_POINT('',(0.0324745378816962,-0.0240048342676681,0.001203));
#4551=CARTESIAN_POINT('',(0.0254745378816961,-0.0310048342676683,0.001203));
#4552=CARTESIAN_POINT('',(0.0254745378816961,-0.0310048342676683,-0.000797));
#4553=CARTESIAN_POINT('',(0.0184745378816961,-0.0310048342676683,-0.000797));
#4554=CARTESIAN_POINT('',(0.0184745378816961,-0.0310048342676683,0.001203));
#4555=CARTESIAN_POINT('',(0.0184745378816961,-0.0310048342676683,0.001203));
#4556=CARTESIAN_POINT('',(0.0254745378816961,-0.0310048342676683,0.001203));
#4557=CARTESIAN_POINT('',(0.0184745378816961,-0.0240048342676681,0.001203));
#4558=CARTESIAN_POINT('',(0.0184745378816961,-0.0240048342676681,-0.000797));
#4559=CARTESIAN_POINT('',(0.0184745378816961,-0.0240048342676681,0.001203));
#4560=CARTESIAN_POINT('',(0.108819287881696,0.00204516573233176,0.001203));
#4561=CARTESIAN_POINT('',(0.108819287881696,0.00204516573233176,-0.000797));
#4562=CARTESIAN_POINT('',(0.0935383378816962,0.00204516573233176,-0.000797));
#4563=CARTESIAN_POINT('',(0.124100237881696,0.00204516573233197,-0.000797));
#4564=CARTESIAN_POINT('',(0.124100237881696,0.00204516573233197,0.001203));
#4565=CARTESIAN_POINT('',(0.124100237881696,0.00204516573233197,0.001203));
#4566=CARTESIAN_POINT('',(0.108819287881696,0.00204516573233176,0.001203));
#4567=CARTESIAN_POINT('',(0.0935383378816962,0.00204516573233176,0.001203));
#4568=CARTESIAN_POINT('',(0.0935383378816962,0.00204516573233176,0.001203));
#4569=CARTESIAN_POINT('',(0.124100237881696,-0.00495483426766801,0.001203));
#4570=CARTESIAN_POINT('',(0.124100237881696,-0.00495483426766801,-0.000797));
#4571=CARTESIAN_POINT('',(0.124100237881696,-0.011954834267668,-0.000797));
#4572=CARTESIAN_POINT('',(0.124100237881696,-0.011954834267668,0.001203));
#4573=CARTESIAN_POINT('',(0.124100237881696,-0.011954834267668,0.001203));
#4574=CARTESIAN_POINT('',(0.124100237881696,-0.00495483426766801,0.001203));
#4575=CARTESIAN_POINT('',(0.108819287881696,-0.0119548342676682,0.001203));
#4576=CARTESIAN_POINT('',(0.108819287881696,-0.0119548342676682,-0.000797));
#4577=CARTESIAN_POINT('',(0.0935383378816962,-0.0119548342676682,-0.000797));
#4578=CARTESIAN_POINT('',(0.0935383378816962,-0.0119548342676682,0.001203));
#4579=CARTESIAN_POINT('',(0.0935383378816962,-0.0119548342676682,0.001203));
#4580=CARTESIAN_POINT('',(0.108819287881696,-0.0119548342676682,0.001203));
#4581=CARTESIAN_POINT('',(0.0935383378816962,-0.00495483426766802,0.001203));
#4582=CARTESIAN_POINT('',(0.0935383378816962,-0.00495483426766802,-0.000797));
#4583=CARTESIAN_POINT('',(0.0935383378816962,-0.00495483426766802,0.001203));
#4584=CARTESIAN_POINT('',(0.0778633378816962,0.00204516573233169,0.001203));
#4585=CARTESIAN_POINT('',(0.0778633378816962,0.00204516573233169,-0.000797));
#4586=CARTESIAN_POINT('',(0.0708633378816962,0.00204516573233169,-0.000797));
#4587=CARTESIAN_POINT('',(0.0848633378816961,0.0020451657323317,-0.000797));
#4588=CARTESIAN_POINT('',(0.0848633378816961,0.0020451657323317,0.001203));
#4589=CARTESIAN_POINT('',(0.0848633378816961,0.0020451657323317,0.001203));
#4590=CARTESIAN_POINT('',(0.0778633378816962,0.00204516573233169,0.001203));
#4591=CARTESIAN_POINT('',(0.0708633378816962,0.00204516573233169,0.001203));
#4592=CARTESIAN_POINT('',(0.0708633378816962,0.00204516573233169,0.001203));
#4593=CARTESIAN_POINT('',(0.0848633378816961,-0.0049548342676683,0.001203));
#4594=CARTESIAN_POINT('',(0.0848633378816961,-0.0049548342676683,-0.000797));
#4595=CARTESIAN_POINT('',(0.0848633378816961,-0.0119548342676683,-0.000797));
#4596=CARTESIAN_POINT('',(0.0848633378816961,-0.0119548342676683,0.001203));
#4597=CARTESIAN_POINT('',(0.0848633378816961,-0.0119548342676683,0.001203));
#4598=CARTESIAN_POINT('',(0.0848633378816961,-0.0049548342676683,0.001203));
#4599=CARTESIAN_POINT('',(0.0778633378816962,-0.0119548342676683,0.001203));
#4600=CARTESIAN_POINT('',(0.0778633378816962,-0.0119548342676683,-0.000797));
#4601=CARTESIAN_POINT('',(0.0708633378816962,-0.0119548342676683,-0.000797));
#4602=CARTESIAN_POINT('',(0.0708633378816962,-0.0119548342676683,0.001203));
#4603=CARTESIAN_POINT('',(0.0708633378816962,-0.0119548342676683,0.001203));
#4604=CARTESIAN_POINT('',(0.0778633378816962,-0.0119548342676683,0.001203));
#4605=CARTESIAN_POINT('',(0.0708633378816961,-0.00495483426766832,0.001203));
#4606=CARTESIAN_POINT('',(0.0708633378816961,-0.00495483426766832,-0.000797));
#4607=CARTESIAN_POINT('',(0.0708633378816961,-0.00495483426766832,0.001203));
#4608=CARTESIAN_POINT('',(0.0588133378816962,0.00204516573233171,0.001203));
#4609=CARTESIAN_POINT('',(0.0588133378816962,0.00204516573233171,-0.000797));
#4610=CARTESIAN_POINT('',(0.0518133378816962,0.0020451657323317,-0.000797));
#4611=CARTESIAN_POINT('',(0.0658133378816961,0.00204516573233171,-0.000797));
#4612=CARTESIAN_POINT('',(0.0658133378816961,0.00204516573233171,0.001203));
#4613=CARTESIAN_POINT('',(0.0658133378816961,0.00204516573233171,0.001203));
#4614=CARTESIAN_POINT('',(0.0588133378816962,0.00204516573233171,0.001203));
#4615=CARTESIAN_POINT('',(0.0518133378816962,0.0020451657323317,0.001203));
#4616=CARTESIAN_POINT('',(0.0518133378816962,0.0020451657323317,0.001203));
#4617=CARTESIAN_POINT('',(0.0658133378816961,-0.00495483426766829,0.001203));
#4618=CARTESIAN_POINT('',(0.0658133378816961,-0.00495483426766829,-0.000797));
#4619=CARTESIAN_POINT('',(0.0658133378816961,-0.0119548342676683,-0.000797));
#4620=CARTESIAN_POINT('',(0.0658133378816961,-0.0119548342676683,0.001203));
#4621=CARTESIAN_POINT('',(0.0658133378816961,-0.0119548342676683,0.001203));
#4622=CARTESIAN_POINT('',(0.0658133378816961,-0.00495483426766829,0.001203));
#4623=CARTESIAN_POINT('',(0.0588133378816962,-0.0119548342676683,0.001203));
#4624=CARTESIAN_POINT('',(0.0588133378816962,-0.0119548342676683,-0.000797));
#4625=CARTESIAN_POINT('',(0.0518133378816962,-0.0119548342676683,-0.000797));
#4626=CARTESIAN_POINT('',(0.0518133378816962,-0.0119548342676683,0.001203));
#4627=CARTESIAN_POINT('',(0.0518133378816962,-0.0119548342676683,0.001203));
#4628=CARTESIAN_POINT('',(0.0588133378816962,-0.0119548342676683,0.001203));
#4629=CARTESIAN_POINT('',(0.0518133378816961,-0.00495483426766827,0.001203));
#4630=CARTESIAN_POINT('',(0.0518133378816961,-0.00495483426766827,-0.000797));
#4631=CARTESIAN_POINT('',(0.0518133378816961,-0.00495483426766827,0.001203));
#4632=CARTESIAN_POINT('',(0.0397633378816961,0.00204516573233172,0.001203));
#4633=CARTESIAN_POINT('',(0.0397633378816961,0.00204516573233172,-0.000797));
#4634=CARTESIAN_POINT('',(0.0327633378816962,0.00204516573233172,-0.000797));
#4635=CARTESIAN_POINT('',(0.0467633378816961,0.00204516573233173,-0.000797));
#4636=CARTESIAN_POINT('',(0.0467633378816961,0.00204516573233173,0.001203));
#4637=CARTESIAN_POINT('',(0.0467633378816961,0.00204516573233173,0.001203));
#4638=CARTESIAN_POINT('',(0.0397633378816961,0.00204516573233172,0.001203));
#4639=CARTESIAN_POINT('',(0.0327633378816962,0.00204516573233172,0.001203));
#4640=CARTESIAN_POINT('',(0.0327633378816962,0.00204516573233172,0.001203));
#4641=CARTESIAN_POINT('',(0.0467633378816961,-0.00495483426766828,0.001203));
#4642=CARTESIAN_POINT('',(0.0467633378816961,-0.00495483426766828,-0.000797));
#4643=CARTESIAN_POINT('',(0.0467633378816961,-0.0119548342676683,-0.000797));
#4644=CARTESIAN_POINT('',(0.0467633378816961,-0.0119548342676683,0.001203));
#4645=CARTESIAN_POINT('',(0.0467633378816961,-0.0119548342676683,0.001203));
#4646=CARTESIAN_POINT('',(0.0467633378816961,-0.00495483426766828,0.001203));
#4647=CARTESIAN_POINT('',(0.0397633378816961,-0.0119548342676683,0.001203));
#4648=CARTESIAN_POINT('',(0.0397633378816961,-0.0119548342676683,-0.000797));
#4649=CARTESIAN_POINT('',(0.0327633378816962,-0.0119548342676683,-0.000797));
#4650=CARTESIAN_POINT('',(0.0327633378816962,-0.0119548342676683,0.001203));
#4651=CARTESIAN_POINT('',(0.0327633378816962,-0.0119548342676683,0.001203));
#4652=CARTESIAN_POINT('',(0.0397633378816961,-0.0119548342676683,0.001203));
#4653=CARTESIAN_POINT('',(0.0327633378816962,-0.00495483426766829,0.001203));
#4654=CARTESIAN_POINT('',(0.0327633378816962,-0.00495483426766829,-0.000797));
#4655=CARTESIAN_POINT('',(0.0327633378816962,-0.00495483426766829,0.001203));
#4656=CARTESIAN_POINT('',(0.115963437881696,0.0210949657323316,0.001203));
#4657=CARTESIAN_POINT('',(0.115963437881696,0.0210949657323316,-0.000797));
#4658=CARTESIAN_POINT('',(0.108963437881696,0.0210949657323316,-0.000797));
#4659=CARTESIAN_POINT('',(0.122963437881696,0.0210949657323317,-0.000797));
#4660=CARTESIAN_POINT('',(0.122963437881696,0.0210949657323317,0.001203));
#4661=CARTESIAN_POINT('',(0.122963437881696,0.0210949657323317,0.001203));
#4662=CARTESIAN_POINT('',(0.115963437881696,0.0210949657323316,0.001203));
#4663=CARTESIAN_POINT('',(0.108963437881696,0.0210949657323316,0.001203));
#4664=CARTESIAN_POINT('',(0.108963437881696,0.0210949657323316,0.001203));
#4665=CARTESIAN_POINT('',(0.122963437881696,0.0140949657323317,0.001203));
#4666=CARTESIAN_POINT('',(0.122963437881696,0.0140949657323317,-0.000797));
#4667=CARTESIAN_POINT('',(0.122963437881696,0.00709496573233171,-0.000797));
#4668=CARTESIAN_POINT('',(0.122963437881696,0.00709496573233171,0.001203));
#4669=CARTESIAN_POINT('',(0.122963437881696,0.00709496573233171,0.001203));
#4670=CARTESIAN_POINT('',(0.122963437881696,0.0140949657323317,0.001203));
#4671=CARTESIAN_POINT('',(0.115963437881696,0.00709496573233158,0.001203));
#4672=CARTESIAN_POINT('',(0.115963437881696,0.00709496573233158,-0.000797));
#4673=CARTESIAN_POINT('',(0.108963437881696,0.00709496573233158,-0.000797));
#4674=CARTESIAN_POINT('',(0.108963437881696,0.00709496573233158,0.001203));
#4675=CARTESIAN_POINT('',(0.108963437881696,0.00709496573233158,0.001203));
#4676=CARTESIAN_POINT('',(0.115963437881696,0.00709496573233158,0.001203));
#4677=CARTESIAN_POINT('',(0.108963437881696,0.0140949657323317,0.001203));
#4678=CARTESIAN_POINT('',(0.108963437881696,0.0140949657323317,-0.000797));
#4679=CARTESIAN_POINT('',(0.108963437881696,0.0140949657323317,0.001203));
#4680=CARTESIAN_POINT('',(0.0921509378816961,0.0210953657323316,0.001203));
#4681=CARTESIAN_POINT('',(0.0921509378816961,0.0210953657323316,-0.000797));
#4682=CARTESIAN_POINT('',(0.0851509378816962,0.0210953657323316,-0.000797));
#4683=CARTESIAN_POINT('',(0.0991509378816962,0.0210953657323316,-0.000797));
#4684=CARTESIAN_POINT('',(0.0991509378816962,0.0210953657323316,0.001203));
#4685=CARTESIAN_POINT('',(0.0991509378816962,0.0210953657323316,0.001203));
#4686=CARTESIAN_POINT('',(0.0921509378816961,0.0210953657323316,0.001203));
#4687=CARTESIAN_POINT('',(0.0851509378816962,0.0210953657323316,0.001203));
#4688=CARTESIAN_POINT('',(0.0851509378816962,0.0210953657323316,0.001203));
#4689=CARTESIAN_POINT('',(0.0991509378816962,0.0140953657323316,0.001203));
#4690=CARTESIAN_POINT('',(0.0991509378816962,0.0140953657323316,-0.000797));
#4691=CARTESIAN_POINT('',(0.0991509378816962,0.0070953657323316,-0.000797));
#4692=CARTESIAN_POINT('',(0.0991509378816962,0.0070953657323316,0.001203));
#4693=CARTESIAN_POINT('',(0.0991509378816962,0.0070953657323316,0.001203));
#4694=CARTESIAN_POINT('',(0.0991509378816962,0.0140953657323316,0.001203));
#4695=CARTESIAN_POINT('',(0.0921509378816962,0.00709536573233159,0.001203));
#4696=CARTESIAN_POINT('',(0.0921509378816962,0.00709536573233159,-0.000797));
#4697=CARTESIAN_POINT('',(0.0851509378816962,0.00709536573233159,-0.000797));
#4698=CARTESIAN_POINT('',(0.0851509378816962,0.00709536573233159,0.001203));
#4699=CARTESIAN_POINT('',(0.0851509378816962,0.00709536573233159,0.001203));
#4700=CARTESIAN_POINT('',(0.0921509378816962,0.00709536573233159,0.001203));
#4701=CARTESIAN_POINT('',(0.0851509378816962,0.0140953657323316,0.001203));
#4702=CARTESIAN_POINT('',(0.0851509378816962,0.0140953657323316,-0.000797));
#4703=CARTESIAN_POINT('',(0.0851509378816962,0.0140953657323316,0.001203));
#4704=CARTESIAN_POINT('',(0.0731009378816962,0.0210951657323317,0.001203));
#4705=CARTESIAN_POINT('',(0.0731009378816962,0.0210951657323317,-0.000797));
#4706=CARTESIAN_POINT('',(0.0661009378816962,0.0210951657323317,-0.000797));
#4707=CARTESIAN_POINT('',(0.0801009378816962,0.0210951657323317,-0.000797));
#4708=CARTESIAN_POINT('',(0.0801009378816962,0.0210951657323317,0.001203));
#4709=CARTESIAN_POINT('',(0.0801009378816962,0.0210951657323317,0.001203));
#4710=CARTESIAN_POINT('',(0.0731009378816962,0.0210951657323317,0.001203));
#4711=CARTESIAN_POINT('',(0.0661009378816962,0.0210951657323317,0.001203));
#4712=CARTESIAN_POINT('',(0.0661009378816962,0.0210951657323317,0.001203));
#4713=CARTESIAN_POINT('',(0.0801009378816962,0.0140951657323317,0.001203));
#4714=CARTESIAN_POINT('',(0.0801009378816962,0.0140951657323317,-0.000797));
#4715=CARTESIAN_POINT('',(0.0801009378816962,0.00709516573233169,-0.000797));
#4716=CARTESIAN_POINT('',(0.0801009378816962,0.00709516573233169,0.001203));
#4717=CARTESIAN_POINT('',(0.0801009378816962,0.00709516573233169,0.001203));
#4718=CARTESIAN_POINT('',(0.0801009378816962,0.0140951657323317,0.001203));
#4719=CARTESIAN_POINT('',(0.0731009378816962,0.00709516573233169,0.001203));
#4720=CARTESIAN_POINT('',(0.0731009378816962,0.00709516573233169,-0.000797));
#4721=CARTESIAN_POINT('',(0.0661009378816962,0.00709516573233168,-0.000797));
#4722=CARTESIAN_POINT('',(0.0661009378816962,0.00709516573233168,0.001203));
#4723=CARTESIAN_POINT('',(0.0661009378816962,0.00709516573233168,0.001203));
#4724=CARTESIAN_POINT('',(0.0731009378816962,0.00709516573233169,0.001203));
#4725=CARTESIAN_POINT('',(0.0661009378816962,0.0140951657323317,0.001203));
#4726=CARTESIAN_POINT('',(0.0661009378816962,0.0140951657323317,-0.000797));
#4727=CARTESIAN_POINT('',(0.0661009378816962,0.0140951657323317,0.001203));
#4728=CARTESIAN_POINT('',(0.0540509378816962,0.0210951657323317,0.001203));
#4729=CARTESIAN_POINT('',(0.0540509378816962,0.0210951657323317,-0.000797));
#4730=CARTESIAN_POINT('',(0.0470509378816962,0.0210951657323317,-0.000797));
#4731=CARTESIAN_POINT('',(0.0610509378816962,0.0210951657323317,-0.000797));
#4732=CARTESIAN_POINT('',(0.0610509378816962,0.0210951657323317,0.001203));
#4733=CARTESIAN_POINT('',(0.0610509378816962,0.0210951657323317,0.001203));
#4734=CARTESIAN_POINT('',(0.0540509378816962,0.0210951657323317,0.001203));
#4735=CARTESIAN_POINT('',(0.0470509378816962,0.0210951657323317,0.001203));
#4736=CARTESIAN_POINT('',(0.0470509378816962,0.0210951657323317,0.001203));
#4737=CARTESIAN_POINT('',(0.0610509378816962,0.0140951657323317,0.001203));
#4738=CARTESIAN_POINT('',(0.0610509378816962,0.0140951657323317,-0.000797));
#4739=CARTESIAN_POINT('',(0.0610509378816962,0.00709516573233171,-0.000797));
#4740=CARTESIAN_POINT('',(0.0610509378816962,0.00709516573233171,0.001203));
#4741=CARTESIAN_POINT('',(0.0610509378816962,0.00709516573233171,0.001203));
#4742=CARTESIAN_POINT('',(0.0610509378816962,0.0140951657323317,0.001203));
#4743=CARTESIAN_POINT('',(0.0540509378816962,0.0070951657323317,0.001203));
#4744=CARTESIAN_POINT('',(0.0540509378816962,0.0070951657323317,-0.000797));
#4745=CARTESIAN_POINT('',(0.0470509378816962,0.00709516573233169,-0.000797));
#4746=CARTESIAN_POINT('',(0.0470509378816962,0.00709516573233169,0.001203));
#4747=CARTESIAN_POINT('',(0.0470509378816962,0.00709516573233169,0.001203));
#4748=CARTESIAN_POINT('',(0.0540509378816962,0.0070951657323317,0.001203));
#4749=CARTESIAN_POINT('',(0.0470509378816962,0.0140951657323317,0.001203));
#4750=CARTESIAN_POINT('',(0.0470509378816962,0.0140951657323317,-0.000797));
#4751=CARTESIAN_POINT('',(0.0470509378816962,0.0140951657323317,0.001203));
#4752=CARTESIAN_POINT('',(0.0350009378816962,0.0210951657323317,0.001203));
#4753=CARTESIAN_POINT('',(0.0350009378816962,0.0210951657323317,-0.000797));
#4754=CARTESIAN_POINT('',(0.0280009378816962,0.0210951657323317,-0.000797));
#4755=CARTESIAN_POINT('',(0.0420009378816962,0.0210951657323318,-0.000797));
#4756=CARTESIAN_POINT('',(0.0420009378816962,0.0210951657323318,0.001203));
#4757=CARTESIAN_POINT('',(0.0420009378816962,0.0210951657323318,0.001203));
#4758=CARTESIAN_POINT('',(0.0350009378816962,0.0210951657323317,0.001203));
#4759=CARTESIAN_POINT('',(0.0280009378816962,0.0210951657323317,0.001203));
#4760=CARTESIAN_POINT('',(0.0280009378816962,0.0210951657323317,0.001203));
#4761=CARTESIAN_POINT('',(0.0420009378816962,0.0140951657323318,0.001203));
#4762=CARTESIAN_POINT('',(0.0420009378816962,0.0140951657323318,-0.000797));
#4763=CARTESIAN_POINT('',(0.0420009378816962,0.00709516573233178,-0.000797));
#4764=CARTESIAN_POINT('',(0.0420009378816962,0.00709516573233178,0.001203));
#4765=CARTESIAN_POINT('',(0.0420009378816962,0.00709516573233178,0.001203));
#4766=CARTESIAN_POINT('',(0.0420009378816962,0.0140951657323318,0.001203));
#4767=CARTESIAN_POINT('',(0.0350009378816962,0.00709516573233177,0.001203));
#4768=CARTESIAN_POINT('',(0.0350009378816962,0.00709516573233177,-0.000797));
#4769=CARTESIAN_POINT('',(0.0280009378816962,0.00709516573233177,-0.000797));
#4770=CARTESIAN_POINT('',(0.0280009378816962,0.00709516573233177,0.001203));
#4771=CARTESIAN_POINT('',(0.0280009378816962,0.00709516573233177,0.001203));
#4772=CARTESIAN_POINT('',(0.0350009378816962,0.00709516573233177,0.001203));
#4773=CARTESIAN_POINT('',(0.0280009378816962,0.0140951657323318,0.001203));
#4774=CARTESIAN_POINT('',(0.0280009378816962,0.0140951657323318,-0.000797));
#4775=CARTESIAN_POINT('',(0.0280009378816962,0.0140951657323318,0.001203));
#4776=CARTESIAN_POINT('',(0.111085087881696,0.0401453657323316,0.001203));
#4777=CARTESIAN_POINT('',(0.111085087881696,0.0401453657323316,-0.000797));
#4778=CARTESIAN_POINT('',(0.095919737881696,0.0401453657323316,-0.000797));
#4779=CARTESIAN_POINT('',(0.126250437881696,0.0401453657323319,-0.000797));
#4780=CARTESIAN_POINT('',(0.126250437881696,0.0401453657323319,0.001203));
#4781=CARTESIAN_POINT('',(0.126250437881696,0.0401453657323319,0.001203));
#4782=CARTESIAN_POINT('',(0.111085087881696,0.0401453657323316,0.001203));
#4783=CARTESIAN_POINT('',(0.095919737881696,0.0401453657323316,0.001203));
#4784=CARTESIAN_POINT('',(0.095919737881696,0.0401453657323316,0.001203));
#4785=CARTESIAN_POINT('',(0.126250437881696,0.0331453657323319,0.001203));
#4786=CARTESIAN_POINT('',(0.126250437881696,0.0331453657323319,-0.000797));
#4787=CARTESIAN_POINT('',(0.126250437881696,0.0261453657323319,-0.000797));
#4788=CARTESIAN_POINT('',(0.126250437881696,0.0261453657323319,0.001203));
#4789=CARTESIAN_POINT('',(0.126250437881696,0.0261453657323319,0.001203));
#4790=CARTESIAN_POINT('',(0.126250437881696,0.0331453657323319,0.001203));
#4791=CARTESIAN_POINT('',(0.111085087881696,0.0261453657323316,0.001203));
#4792=CARTESIAN_POINT('',(0.111085087881696,0.0261453657323316,-0.000797));
#4793=CARTESIAN_POINT('',(0.095919737881696,0.0261453657323316,-0.000797));
#4794=CARTESIAN_POINT('',(0.095919737881696,0.0261453657323316,0.001203));
#4795=CARTESIAN_POINT('',(0.095919737881696,0.0261453657323316,0.001203));
#4796=CARTESIAN_POINT('',(0.111085087881696,0.0261453657323316,0.001203));
#4797=CARTESIAN_POINT('',(0.095919737881696,0.0331453657323319,0.001203));
#4798=CARTESIAN_POINT('',(0.095919737881696,0.0331453657323319,-0.000797));
#4799=CARTESIAN_POINT('',(0.095919737881696,0.0331453657323319,0.001203));
#4800=CARTESIAN_POINT('',(0.0826259378816961,0.0401453657323316,0.001203));
#4801=CARTESIAN_POINT('',(0.0826259378816961,0.0401453657323316,-0.000797));
#4802=CARTESIAN_POINT('',(0.0756259378816961,0.0401453657323316,-0.000797));
#4803=CARTESIAN_POINT('',(0.0896259378816961,0.0401453657323316,-0.000797));
#4804=CARTESIAN_POINT('',(0.0896259378816961,0.0401453657323316,0.001203));
#4805=CARTESIAN_POINT('',(0.0896259378816961,0.0401453657323316,0.001203));
#4806=CARTESIAN_POINT('',(0.0826259378816961,0.0401453657323316,0.001203));
#4807=CARTESIAN_POINT('',(0.0756259378816961,0.0401453657323316,0.001203));
#4808=CARTESIAN_POINT('',(0.0756259378816961,0.0401453657323316,0.001203));
#4809=CARTESIAN_POINT('',(0.0896259378816961,0.0331453657323316,0.001203));
#4810=CARTESIAN_POINT('',(0.0896259378816961,0.0331453657323316,-0.000797));
#4811=CARTESIAN_POINT('',(0.0896259378816961,0.0261453657323316,-0.000797));
#4812=CARTESIAN_POINT('',(0.0896259378816961,0.0261453657323316,0.001203));
#4813=CARTESIAN_POINT('',(0.0896259378816961,0.0261453657323316,0.001203));
#4814=CARTESIAN_POINT('',(0.0896259378816961,0.0331453657323316,0.001203));
#4815=CARTESIAN_POINT('',(0.0826259378816961,0.0261453657323316,0.001203));
#4816=CARTESIAN_POINT('',(0.0826259378816961,0.0261453657323316,-0.000797));
#4817=CARTESIAN_POINT('',(0.0756259378816961,0.0261453657323316,-0.000797));
#4818=CARTESIAN_POINT('',(0.0756259378816961,0.0261453657323316,0.001203));
#4819=CARTESIAN_POINT('',(0.0756259378816961,0.0261453657323316,0.001203));
#4820=CARTESIAN_POINT('',(0.0826259378816961,0.0261453657323316,0.001203));
#4821=CARTESIAN_POINT('',(0.0756259378816961,0.0331453657323316,0.001203));
#4822=CARTESIAN_POINT('',(0.0756259378816961,0.0331453657323316,-0.000797));
#4823=CARTESIAN_POINT('',(0.0756259378816961,0.0331453657323316,0.001203));
#4824=CARTESIAN_POINT('',(0.0635759378816961,0.0401451657323318,0.001203));
#4825=CARTESIAN_POINT('',(0.0635759378816961,0.0401451657323318,-0.000797));
#4826=CARTESIAN_POINT('',(0.0565759378816961,0.0401451657323318,-0.000797));
#4827=CARTESIAN_POINT('',(0.0705759378816961,0.0401451657323318,-0.000797));
#4828=CARTESIAN_POINT('',(0.0705759378816961,0.0401451657323318,0.001203));
#4829=CARTESIAN_POINT('',(0.0705759378816961,0.0401451657323318,0.001203));
#4830=CARTESIAN_POINT('',(0.0635759378816961,0.0401451657323318,0.001203));
#4831=CARTESIAN_POINT('',(0.0565759378816961,0.0401451657323318,0.001203));
#4832=CARTESIAN_POINT('',(0.0565759378816961,0.0401451657323318,0.001203));
#4833=CARTESIAN_POINT('',(0.0705759378816961,0.0331451657323318,0.001203));
#4834=CARTESIAN_POINT('',(0.0705759378816961,0.0331451657323318,-0.000797));
#4835=CARTESIAN_POINT('',(0.0705759378816961,0.0261451657323318,-0.000797));
#4836=CARTESIAN_POINT('',(0.0705759378816961,0.0261451657323318,0.001203));
#4837=CARTESIAN_POINT('',(0.0705759378816961,0.0261451657323318,0.001203));
#4838=CARTESIAN_POINT('',(0.0705759378816961,0.0331451657323318,0.001203));
#4839=CARTESIAN_POINT('',(0.0635759378816961,0.0261451657323318,0.001203));
#4840=CARTESIAN_POINT('',(0.0635759378816961,0.0261451657323318,-0.000797));
#4841=CARTESIAN_POINT('',(0.0565759378816961,0.0261451657323318,-0.000797));
#4842=CARTESIAN_POINT('',(0.0565759378816961,0.0261451657323318,0.001203));
#4843=CARTESIAN_POINT('',(0.0565759378816961,0.0261451657323318,0.001203));
#4844=CARTESIAN_POINT('',(0.0635759378816961,0.0261451657323318,0.001203));
#4845=CARTESIAN_POINT('',(0.0565759378816961,0.0331451657323318,0.001203));
#4846=CARTESIAN_POINT('',(0.0565759378816961,0.0331451657323318,-0.000797));
#4847=CARTESIAN_POINT('',(0.0565759378816961,0.0331451657323318,0.001203));
#4848=CARTESIAN_POINT('',(0.0445259378816961,0.0401451657323318,0.001203));
#4849=CARTESIAN_POINT('',(0.0445259378816961,0.0401451657323318,-0.000797));
#4850=CARTESIAN_POINT('',(0.0375259378816961,0.0401451657323318,-0.000797));
#4851=CARTESIAN_POINT('',(0.0515259378816961,0.0401451657323318,-0.000797));
#4852=CARTESIAN_POINT('',(0.0515259378816961,0.0401451657323318,0.001203));
#4853=CARTESIAN_POINT('',(0.0515259378816961,0.0401451657323318,0.001203));
#4854=CARTESIAN_POINT('',(0.0445259378816961,0.0401451657323318,0.001203));
#4855=CARTESIAN_POINT('',(0.0375259378816961,0.0401451657323318,0.001203));
#4856=CARTESIAN_POINT('',(0.0375259378816961,0.0401451657323318,0.001203));
#4857=CARTESIAN_POINT('',(0.0515259378816961,0.0331451657323318,0.001203));
#4858=CARTESIAN_POINT('',(0.0515259378816961,0.0331451657323318,-0.000797));
#4859=CARTESIAN_POINT('',(0.0515259378816961,0.0261451657323318,-0.000797));
#4860=CARTESIAN_POINT('',(0.0515259378816961,0.0261451657323318,0.001203));
#4861=CARTESIAN_POINT('',(0.0515259378816961,0.0261451657323318,0.001203));
#4862=CARTESIAN_POINT('',(0.0515259378816961,0.0331451657323318,0.001203));
#4863=CARTESIAN_POINT('',(0.0445259378816961,0.0261451657323318,0.001203));
#4864=CARTESIAN_POINT('',(0.0445259378816961,0.0261451657323318,-0.000797));
#4865=CARTESIAN_POINT('',(0.0375259378816961,0.0261451657323318,-0.000797));
#4866=CARTESIAN_POINT('',(0.0375259378816961,0.0261451657323318,0.001203));
#4867=CARTESIAN_POINT('',(0.0375259378816961,0.0261451657323318,0.001203));
#4868=CARTESIAN_POINT('',(0.0445259378816961,0.0261451657323318,0.001203));
#4869=CARTESIAN_POINT('',(0.0375259378816961,0.0331451657323318,0.001203));
#4870=CARTESIAN_POINT('',(0.0375259378816961,0.0331451657323318,-0.000797));
#4871=CARTESIAN_POINT('',(0.0375259378816961,0.0331451657323318,0.001203));
#4872=CARTESIAN_POINT('',(0.0254759378816962,0.0401451657323317,0.001203));
#4873=CARTESIAN_POINT('',(0.0254759378816962,0.0401451657323317,-0.000797));
#4874=CARTESIAN_POINT('',(0.0184759378816961,0.0401451657323317,-0.000797));
#4875=CARTESIAN_POINT('',(0.0324759378816961,0.0401451657323317,-0.000797));
#4876=CARTESIAN_POINT('',(0.0324759378816961,0.0401451657323317,0.001203));
#4877=CARTESIAN_POINT('',(0.0324759378816961,0.0401451657323317,0.001203));
#4878=CARTESIAN_POINT('',(0.0254759378816962,0.0401451657323317,0.001203));
#4879=CARTESIAN_POINT('',(0.0184759378816961,0.0401451657323317,0.001203));
#4880=CARTESIAN_POINT('',(0.0184759378816961,0.0401451657323317,0.001203));
#4881=CARTESIAN_POINT('',(0.0324759378816961,0.0331451657323317,0.001203));
#4882=CARTESIAN_POINT('',(0.0324759378816961,0.0331451657323317,-0.000797));
#4883=CARTESIAN_POINT('',(0.0324759378816961,0.0261451657323317,-0.000797));
#4884=CARTESIAN_POINT('',(0.0324759378816961,0.0261451657323317,0.001203));
#4885=CARTESIAN_POINT('',(0.0324759378816961,0.0261451657323317,0.001203));
#4886=CARTESIAN_POINT('',(0.0324759378816961,0.0331451657323317,0.001203));
#4887=CARTESIAN_POINT('',(0.0254759378816962,0.0261451657323317,0.001203));
#4888=CARTESIAN_POINT('',(0.0254759378816962,0.0261451657323317,-0.000797));
#4889=CARTESIAN_POINT('',(0.0184759378816961,0.0261451657323317,-0.000797));
#4890=CARTESIAN_POINT('',(0.0184759378816961,0.0261451657323317,0.001203));
#4891=CARTESIAN_POINT('',(0.0184759378816961,0.0261451657323317,0.001203));
#4892=CARTESIAN_POINT('',(0.0254759378816962,0.0261451657323317,0.001203));
#4893=CARTESIAN_POINT('',(0.0184759378816961,0.0331451657323317,0.001203));
#4894=CARTESIAN_POINT('',(0.0184759378816961,0.0331451657323317,-0.000797));
#4895=CARTESIAN_POINT('',(0.0184759378816961,0.0331451657323317,0.001203));
#4896=CARTESIAN_POINT('',(0.0143316378816962,0.00141066573233155,-0.000797));
#4897=CARTESIAN_POINT('',(0.0143316378816962,-0.0605485842676684,-0.000797));
#4898=CARTESIAN_POINT('',(0.0143316378816962,-0.0605485842676684,-0.000797));
#4899=CARTESIAN_POINT('',(0.0143316378816962,0.00141066573233155,-0.000797));
#4900=CARTESIAN_POINT('',(0.0143316378816962,-0.0566775139241088,-0.000797));
#4901=CARTESIAN_POINT('',(0.0132709777099164,-0.0577381740958886,-0.000797));
#4902=CARTESIAN_POINT('',(0.0122103175381366,-0.0587988342676684,-0.000797));
#4903=CARTESIAN_POINT('',(0.0122103175381366,-0.0551775139241088,-0.000797));
#4904=CARTESIAN_POINT('',(0.0122103175381366,-0.0515561935805491,-0.000797));
#4905=CARTESIAN_POINT('',(0.0132709777099164,-0.0526168537523289,-0.000797));
#4906=CARTESIAN_POINT('',(-0.0245809121183038,-0.0500550342676684,-0.000797));
#4907=CARTESIAN_POINT('',(-0.0245809121183038,-0.0360550342676684,-0.000797));
#4908=CARTESIAN_POINT('',(0.0143316378816962,-0.0360550342676684,-0.000797));
#4909=CARTESIAN_POINT('',(0.0143316378816962,0.00141066573233155,-0.000797));
#4910=CARTESIAN_POINT('',(0.0143316378816962,-0.0119548342676683,-0.000797));
#4911=CARTESIAN_POINT('',(0.0207133378816961,-0.0119548342676683,-0.000797));
#4912=CARTESIAN_POINT('',(0.0207133378816961,0.00204516573233171,-0.000797));
#4913=CARTESIAN_POINT('',(0.0143316378816962,0.00204516573233171,-0.000797));
#4914=CARTESIAN_POINT('',(0.0143316378816962,0.00141066573233155,-0.000797));
#4915=CARTESIAN_POINT('',(0.0143316378816962,0.00709516573233171,-0.000797));
#4916=CARTESIAN_POINT('',(0.0159509378816961,0.00709516573233171,-0.000797));
#4917=CARTESIAN_POINT('',(0.0159509378816961,0.0210951657323317,-0.000797));
#4918=CARTESIAN_POINT('',(0.0143316378816962,0.0210951657323317,-0.000797));
#4919=CARTESIAN_POINT('',(0.0143316378816962,0.00141066573233155,-0.000797));
#4920=CARTESIAN_POINT('',(0.0143316378816962,0.0499862246215344,-0.000797));
#4921=CARTESIAN_POINT('',(0.0118567641475433,0.0475113508873814,-0.000797));
#4922=CARTESIAN_POINT('',(0.00938189041339036,0.0450364771532285,-0.000797));
#4923=CARTESIAN_POINT('',(0.00938189041339035,0.0520364771532285,-0.000797));
#4924=CARTESIAN_POINT('',(0.00938189041339035,0.0590364771532285,-0.000797));
#4925=CARTESIAN_POINT('',(0.0118567641475433,0.0565616034190756,-0.000797));
#4926=CARTESIAN_POINT('',(0.0143316378816962,0.0633701657323316,-0.000797));
#4927=CARTESIAN_POINT('',(0.0143316378816962,0.00141066573233155,0.001203));
#4928=CARTESIAN_POINT('',(0.0143316378816962,0.00141066573233155,0.001203));
#4929=CARTESIAN_POINT('',(0.0143316378816962,-0.0605485842676684,0.001203));
#4930=CARTESIAN_POINT('',(0.0143316378816962,-0.0566775139241088,0.001203));
#4931=CARTESIAN_POINT('',(0.0143316378816962,-0.0605485842676684,0.001203));
#4932=CARTESIAN_POINT('',(0.0143316378816962,0.0633701657323316,0.001203));
#4933=CARTESIAN_POINT('',(0.0118567641475433,0.0565616034190756,0.001203));
#4934=CARTESIAN_POINT('',(0.00938189041339035,0.0590364771532285,0.001203));
#4935=CARTESIAN_POINT('',(0.00938189041339035,0.0520364771532285,0.001203));
#4936=CARTESIAN_POINT('',(0.00938189041339036,0.0450364771532285,0.001203));
#4937=CARTESIAN_POINT('',(0.0118567641475433,0.0475113508873814,0.001203));
#4938=CARTESIAN_POINT('',(0.0143316378816962,0.0499862246215344,0.001203));
#4939=CARTESIAN_POINT('',(0.0143316378816962,0.00141066573233155,0.001203));
#4940=CARTESIAN_POINT('',(0.0143316378816962,0.0210951657323317,0.001203));
#4941=CARTESIAN_POINT('',(0.0159509378816961,0.0210951657323317,0.001203));
#4942=CARTESIAN_POINT('',(0.0159509378816961,0.00709516573233171,0.001203));
#4943=CARTESIAN_POINT('',(0.0143316378816962,0.00709516573233171,0.001203));
#4944=CARTESIAN_POINT('',(0.0143316378816962,0.00141066573233155,0.001203));
#4945=CARTESIAN_POINT('',(0.0143316378816962,0.00204516573233171,0.001203));
#4946=CARTESIAN_POINT('',(0.0207133378816961,0.00204516573233171,0.001203));
#4947=CARTESIAN_POINT('',(0.0207133378816961,-0.0119548342676683,0.001203));
#4948=CARTESIAN_POINT('',(0.0143316378816962,-0.0119548342676683,0.001203));
#4949=CARTESIAN_POINT('',(0.0143316378816962,0.00141066573233155,0.001203));
#4950=CARTESIAN_POINT('',(0.0143316378816962,-0.0360550342676684,0.001203));
#4951=CARTESIAN_POINT('',(-0.0245809121183038,-0.0360550342676684,0.001203));
#4952=CARTESIAN_POINT('',(-0.0245809121183038,-0.0500550342676684,0.001203));
#4953=CARTESIAN_POINT('',(0.0132709777099164,-0.0526168537523289,0.001203));
#4954=CARTESIAN_POINT('',(0.0122103175381366,-0.0515561935805491,0.001203));
#4955=CARTESIAN_POINT('',(0.0122103175381366,-0.0551775139241088,0.001203));
#4956=CARTESIAN_POINT('',(0.0122103175381366,-0.0587988342676684,0.001203));
#4957=CARTESIAN_POINT('',(0.0132709777099164,-0.0577381740958886,0.001203));
#4958=CARTESIAN_POINT('',(0.0159509378816961,0.00709516573233171,0.001203));
#4959=CARTESIAN_POINT('',(0.0143316378816962,0.00709516573233171,0.001203));
#4960=CARTESIAN_POINT('',(0.0207133378816961,-0.0119548342676683,0.001203));
#4961=CARTESIAN_POINT('',(0.0143316378816962,-0.0119548342676683,0.001203));
#4962=CARTESIAN_POINT('',(-0.0245809121183038,-0.0500550342676684,0.001203));
#4963=CARTESIAN_POINT('',(0.0159509378816961,0.0210951657323317,0.001203));
#4964=CARTESIAN_POINT('',(0.0143316378816962,0.0210951657323317,0.001203));
#4965=CARTESIAN_POINT('',(0.0207133378816961,0.00204516573233171,0.001203));
#4966=CARTESIAN_POINT('',(0.0143316378816962,0.00204516573233171,0.001203));
#4967=CARTESIAN_POINT('',(-0.0245809121183038,-0.0360550342676684,0.001203));
#4968=CARTESIAN_POINT('',(0.0143316378816962,-0.0360550342676684,0.001203));
#4969=CARTESIAN_POINT('',(0.0143316378816962,-0.0605485842676684,0.001203));
#4970=CARTESIAN_POINT('',(0.0143316378816962,-0.0605485842676684,0.001203));
#4971=CARTESIAN_POINT('',(0.0143316378816962,0.0633701657323316,0.001203));
#4972=CARTESIAN_POINT('',(0.0143316378816962,0.00141066573233156,-0.000797));
#4973=CARTESIAN_POINT('',(0.0143316378816962,0.0499862246215344,0.001203));
#4974=CARTESIAN_POINT('',(0.0143316378816962,0.00141066573233156,-0.000797));
#4975=CARTESIAN_POINT('',(0.0143316378816962,0.00141066573233156,-0.000797));
#4976=CARTESIAN_POINT('',(0.0143316378816962,0.00141066573233156,-0.000797));
#4977=CARTESIAN_POINT('',(0.0143316378816962,-0.0566775139241088,0.001203));
#4978=CARTESIAN_POINT('',(0.0132709777099164,-0.0526168537523289,0.001203));
#4979=CARTESIAN_POINT('',(0.0122103175381366,-0.0515561935805491,0.001203));
#4980=CARTESIAN_POINT('',(0.0122103175381366,-0.0551775139241088,0.001203));
#4981=CARTESIAN_POINT('',(0.0122103175381366,-0.0587988342676684,0.001203));
#4982=CARTESIAN_POINT('',(0.0132709777099164,-0.0577381740958886,0.001203));
#4983=CARTESIAN_POINT('',(0.0118567641475433,0.0565616034190756,0.001203));
#4984=CARTESIAN_POINT('',(0.00938189041339035,0.0590364771532285,0.001203));
#4985=CARTESIAN_POINT('',(0.00938189041339035,0.0520364771532285,0.001203));
#4986=CARTESIAN_POINT('',(0.00938189041339036,0.0450364771532285,0.001203));
#4987=CARTESIAN_POINT('',(0.0118567641475433,0.0475113508873814,0.001203));
#4988=MECHANICAL_DESIGN_GEOMETRIC_PRESENTATION_REPRESENTATION('',(#3193),
#4989);
#4989=(
GEOMETRIC_REPRESENTATION_CONTEXT(3)
GLOBAL_UNCERTAINTY_ASSIGNED_CONTEXT((#4990))
GLOBAL_UNIT_ASSIGNED_CONTEXT((#4993,#4992,#4991))
REPRESENTATION_CONTEXT('Part 4','TOP_LEVEL_ASSEMBLY_PART')
);
#4990=UNCERTAINTY_MEASURE_WITH_UNIT(LENGTH_MEASURE(7.49049028279876E-7),
#4993,'DISTANCE_ACCURACY_VALUE','Maximum Tolerance applied to model');
#4991=(
NAMED_UNIT(*)
SI_UNIT($,.STERADIAN.)
SOLID_ANGLE_UNIT()
);
#4992=(
NAMED_UNIT(*)
PLANE_ANGLE_UNIT()
SI_UNIT($,.RADIAN.)
);
#4993=(
LENGTH_UNIT()
NAMED_UNIT(*)
SI_UNIT($,.METRE.)
);
#4994=PRODUCT_DEFINITION_SHAPE('','',#4995);
#4995=PRODUCT_DEFINITION('','',#4997,#4996);
#4996=PRODUCT_DEFINITION_CONTEXT('',#5003,'design');
#4997=PRODUCT_DEFINITION_FORMATION_WITH_SPECIFIED_SOURCE('','',#4999,
 .NOT_KNOWN.);
#4998=PRODUCT_RELATED_PRODUCT_CATEGORY('','',(#4999));
#4999=PRODUCT('Part 4','Part 4','Part 4',(#5001));
#5000=PRODUCT_CATEGORY('','');
#5001=PRODUCT_CONTEXT('',#5003,'mechanical');
#5002=APPLICATION_PROTOCOL_DEFINITION('international standard',
'ap242_managed_model_based_3d_engineering',2020,#5003);
#5003=APPLICATION_CONTEXT('managed model based 3d engineering');
ENDSEC;
END-ISO-10303-21;
